1stFlrSF,2ndFlrSF,BedroomAbvGr,BsmtExposure,BsmtFinSF1,BsmtFinType1,BsmtUnfSF,GarageArea,GarageFinish,GarageYrBlt,GrLivArea,KitchenQual,LotArea,LotFrontage,MasVnrArea,OpenPorchSF,OverallCond,OverallQual,TotalBsmtSF,YearBuilt,YearRemodAdd,SalePrice
856.0,854.0,3.0,No,706.0,GLQ,150.0,548.0,RFn,2003,1710.0,Gd,8450.0,65.0,196.0,61.0,5,7,856.0,2003,2003,208500
1262.0,0.0,3.0,Gd,978.0,ALQ,284.0,460.0,RFn,1976,1262.0,TA,9600.0,80.0,0.0,0.0,8,6,1262.0,1976,1976,181500
920.0,866.0,3.0,Mn,486.0,GLQ,434.0,608.0,RFn,2001,1786.0,Gd,11250.0,68.0,162.0,42.0,5,7,920.0,2001,2002,223500
796.0,566.0,1.0,No,732.0,GLQ,64.0,480.0,Unf,1993,1362.0,TA,14115.0,85.0,0.0,30.0,5,5,796.0,1993,1995,143000
1694.0,0.0,3.0,Av,1369.0,GLQ,317.0,636.0,RFn,2004,1694.0,Gd,10084.0,75.0,186.0,57.0,5,8,1686.0,2004,2005,307000
1022.0,752.0,2.0,No,0.0,Unf,952.0,468.0,Unf,1931,1774.0,TA,6120.0,51.0,0.0,0.0,5,7,952.0,1931,1950,129900
1077.0,0.0,2.0,No,851.0,GLQ,140.0,205.0,RFn,1939,1077.0,TA,7420.0,50.0,0.0,4.0,6,5,991.0,1939,1950,118000
1040.0,0.0,3.0,No,906.0,Rec,134.0,384.0,Unf,1965,1040.0,TA,11200.0,70.0,0.0,0.0,5,5,1040.0,1965,1965,129500
1494.0,0.0,3.0,Av,0.0,Unf,1494.0,840.0,RFn,2006,1494.0,Gd,10652.0,91.0,306.0,33.0,5,7,1494.0,2006,2007,279500
854.0,0.0,2.0,No,0.0,Unf,832.0,576.0,Unf,1991,854.0,TA,6120.0,51.0,0.0,112.0,8,7,832.0,1929,2001,132000
1296.0,0.0,2.0,None,0.0,None,0.0,516.0,Unf,1967,1296.0,TA,10791.0,72.0,0.0,0.0,5,4,0.0,1967,1967,90000
1339.0,0.0,3.0,No,504.0,LwQ,525.0,294.0,Unf,1958,1339.0,TA,7560.0,70.0,0.0,0.0,6,5,1029.0,1958,1965,139000
1158.0,1218.0,4.0,Av,0.0,Unf,1158.0,853.0,RFn,2005,2376.0,Gd,14215.0,101.0,380.0,154.0,5,8,1158.0,2005,2006,325300
1108.0,0.0,3.0,No,0.0,Unf,637.0,280.0,Unf,1930,1108.0,Gd,7449.0,57.0,0.0,0.0,7,7,637.0,1930,1950,139400
1600.0,0.0,3.0,No,0.0,Unf,1566.0,890.0,RFn,2007,1600.0,Gd,14230.0,110.0,640.0,56.0,5,8,1566.0,2007,2007,256300
1600.0,0.0,2.0,Gd,1277.0,BLQ,207.0,319.0,RFn,1957,1600.0,TA,16321.0,47.0,0.0,258.0,6,5,1484.0,1957,1997,207500
520.0,0.0,1.0,No,0.0,Unf,520.0,240.0,Unf,1920,520.0,Fa,6324.0,60.0,0.0,0.0,6,4,520.0,1927,1950,68500
649.0,668.0,3.0,No,0.0,Unf,649.0,250.0,Unf,1920,1317.0,TA,8500.0,50.0,0.0,54.0,4,4,649.0,1920,1950,40000
1234.0,0.0,3.0,Av,0.0,Unf,1234.0,484.0,RFn,2007,1234.0,Gd,11049.0,85.0,0.0,30.0,5,8,1234.0,2007,2007,179900
1700.0,0.0,4.0,No,1018.0,Rec,380.0,447.0,RFn,1959,1700.0,Gd,10552.0,70.0,0.0,38.0,5,5,1398.0,1959,1959,165500
1561.0,0.0,2.0,No,1153.0,GLQ,408.0,556.0,Fin,2005,1561.0,Ex,7313.0,60.0,246.0,47.0,5,9,1561.0,2005,2005,277500
1097.0,0.0,3.0,No,0.0,Unf,1097.0,672.0,Unf,1995,1097.0,TA,10859.0,112.0,0.0,64.0,5,5,1097.0,1994,1995,145000
1057.0,0.0,3.0,No,731.0,GLQ,326.0,246.0,Unf,1953,1057.0,Gd,7922.0,68.0,0.0,52.0,7,5,1057.0,1953,2007,109000
1150.0,0.0,3.0,No,179.0,ALQ,465.0,300.0,RFn,1959,1150.0,TA,7945.0,70.0,0.0,0.0,6,5,1150.0,1959,1959,141000
1752.0,0.0,2.0,No,456.0,GLQ,1296.0,576.0,RFn,2005,1752.0,Ex,7658.0,61.0,412.0,82.0,5,9,1752.0,2005,2005,319900
1518.0,631.0,1.0,No,1351.0,GLQ,83.0,670.0,RFn,2003,2149.0,Gd,12822.0,48.0,0.0,43.0,5,7,1434.0,2003,2003,239686
955.0,0.0,3.0,No,763.0,BLQ,192.0,386.0,Unf,1966,955.0,TA,7742.0,66.0,0.0,0.0,7,5,955.0,1966,1966,127000
816.0,0.0,3.0,No,0.0,Unf,816.0,528.0,Unf,1985,1176.0,TA,6240.0,52.0,0.0,0.0,6,6,816.0,1934,1950,114500
816.0,0.0,2.0,Gd,104.0,LwQ,0.0,516.0,Unf,1963,816.0,TA,8472.0,110.0,0.0,0.0,5,5,816.0,1963,1963,110000
1842.0,0.0,0.0,Gd,1810.0,GLQ,32.0,894.0,Fin,1981,1842.0,Gd,50271.0,68.0,0.0,72.0,5,9,1842.0,1981,1987,385000
983.0,756.0,3.0,No,649.0,GLQ,321.0,480.0,Fin,1999,1739.0,Gd,2645.0,24.0,456.0,0.0,5,8,970.0,1999,2000,172500
1426.0,1519.0,3.0,Gd,0.0,Unf,1410.0,641.0,Fin,2006,2945.0,Gd,13682.0,66.0,1031.0,0.0,5,10,1410.0,2006,2006,438780
780.0,0.0,2.0,Av,632.0,ALQ,148.0,352.0,Unf,1973,780.0,TA,7200.0,60.0,0.0,0.0,7,5,780.0,1972,1972,124900
1158.0,0.0,3.0,No,941.0,ALQ,217.0,576.0,Unf,2006,1158.0,Gd,13072.0,63.0,0.0,50.0,5,6,1158.0,2004,2004,158000
581.0,530.0,3.0,No,0.0,Unf,530.0,288.0,Unf,1935,1111.0,Fa,7200.0,60.0,0.0,0.0,7,5,530.0,1920,1996,101000
1370.0,0.0,2.0,Mn,24.0,GLQ,1346.0,484.0,RFn,2006,1370.0,Gd,6442.0,44.0,178.0,49.0,5,8,1370.0,2006,2006,202500
902.0,808.0,3.0,No,0.0,Unf,576.0,480.0,Unf,1990,1710.0,TA,10300.0,50.0,0.0,11.0,6,7,576.0,1921,1950,140000
1479.0,0.0,3.0,Av,1013.0,GLQ,440.0,558.0,RFn,2003,1479.0,Gd,10665.0,72.0,167.0,29.0,5,7,1453.0,2003,2003,226000
747.0,0.0,2.0,No,0.0,Unf,747.0,220.0,Unf,1945,747.0,TA,4608.0,47.0,0.0,0.0,6,4,747.0,1945,1950,80000
2223.0,0.0,3.0,Gd,1880.0,ALQ,343.0,516.0,Fin,1973,2223.0,TA,13651.0,95.0,1115.0,0.0,6,7,2223.0,1973,1973,244000
845.0,0.0,2.0,No,565.0,ALQ,280.0,360.0,Unf,1987,845.0,TA,7599.0,69.0,0.0,0.0,6,4,845.0,1982,2006,129500
885.0,833.0,3.0,No,0.0,Unf,832.0,427.0,Fin,1998,1718.0,TA,10141.0,74.0,40.0,94.0,5,7,832.0,1998,1998,185000
1086.0,0.0,3.0,No,320.0,ALQ,404.0,490.0,Unf,1989,1086.0,TA,10200.0,85.0,104.0,0.0,7,5,1086.0,1954,2003,144900
840.0,765.0,3.0,No,0.0,Unf,840.0,379.0,Unf,1915,1605.0,TA,5790.0,60.0,0.0,0.0,6,3,840.0,1915,1950,107400
526.0,462.0,2.0,Gd,462.0,GLQ,0.0,297.0,Unf,1973,988.0,TA,1596.0,21.0,0.0,101.0,5,4,462.0,1973,1973,91000
1072.0,213.0,2.0,No,336.0,BLQ,295.0,240.0,Unf,1948,1285.0,TA,8635.0,50.0,0.0,0.0,5,5,672.0,1948,2001,127000
682.0,548.0,2.0,No,0.0,Unf,440.0,440.0,Unf,1966,1230.0,TA,10440.0,60.0,0.0,0.0,6,5,440.0,1910,1981,110000
1337.0,0.0,2.0,No,1201.0,GLQ,36.0,405.0,Fin,1998,1337.0,TA,4500.0,32.0,443.0,199.0,5,6,1237.0,1998,1998,153500
1563.0,0.0,3.0,No,33.0,GLQ,1530.0,758.0,RFn,2007,1563.0,Gd,10206.0,78.0,468.0,99.0,5,8,1563.0,2007,2007,245000
1065.0,0.0,3.0,No,0.0,Unf,1065.0,461.0,Unf,1974,1065.0,TA,8892.0,80.0,66.0,0.0,5,5,1065.0,1960,1960,126500
1301.0,1116.0,4.0,No,0.0,Unf,1288.0,462.0,Unf,1991,2417.0,Gd,16059.0,121.0,284.0,82.0,5,8,1288.0,1991,1992,260000
684.0,876.0,3.0,Av,0.0,Unf,684.0,400.0,Fin,2005,1560.0,Gd,11911.0,122.0,0.0,38.0,5,6,684.0,2005,2005,174000
1235.0,0.0,2.0,No,600.0,Rec,635.0,480.0,Unf,1961,1235.0,TA,8500.0,85.0,203.0,0.0,3,5,1235.0,1961,1961,98600
964.0,0.0,2.0,No,713.0,ALQ,163.0,432.0,Unf,1921,964.0,TA,13360.0,80.0,0.0,0.0,7,5,876.0,1921,2006,163500
1260.0,1031.0,4.0,Mn,1046.0,Rec,168.0,506.0,Unf,1900,2291.0,TA,7200.0,60.0,0.0,0.0,6,6,1214.0,1910,1998,133900
905.0,881.0,3.0,No,648.0,GLQ,176.0,684.0,RFn,1997,1786.0,Gd,9337.0,69.0,0.0,162.0,5,6,824.0,1997,1997,204750
960.0,0.0,3.0,No,520.0,Rec,440.0,432.0,Fin,1965,960.0,TA,10921.0,73.0,48.0,0.0,5,4,960.0,1965,1965,94750
835.0,0.0,2.0,No,108.0,ALQ,350.0,366.0,Unf,1920,835.0,TA,10625.0,85.0,0.0,0.0,5,5,458.0,1920,1950,83000
1535.0,0.0,4.0,None,0.0,None,0.0,410.0,Unf,1979,1535.0,TA,7018.0,64.0,0.0,0.0,5,5,0.0,1979,1979,118964
1047.0,0.0,2.0,No,0.0,Unf,641.0,273.0,Unf,1954,1047.0,TA,10800.0,60.0,0.0,0.0,7,4,641.0,1885,1995,100000
789.0,0.0,2.0,No,104.0,ALQ,516.0,250.0,Unf,1948,789.0,TA,6000.0,50.0,0.0,0.0,5,5,789.0,1948,1950,115000
1844.0,0.0,3.0,No,705.0,BLQ,1139.0,546.0,RFn,1977,1844.0,TA,11751.0,105.0,480.0,122.0,6,6,1844.0,1977,1977,190000
1216.0,639.0,4.0,No,444.0,Rec,550.0,325.0,Unf,1954,1855.0,TA,9525.0,75.0,0.0,0.0,4,6,994.0,1954,1972,136900
1436.0,884.0,3.0,No,774.0,ALQ,104.0,180.0,Unf,1945,2320.0,Gd,7259.0,61.0,0.0,0.0,8,6,1028.0,1945,2002,259500
729.0,729.0,2.0,No,419.0,GLQ,310.0,440.0,Unf,1999,1458.0,TA,3230.0,34.0,1129.0,32.0,5,6,729.0,1999,1999,176000
1125.0,0.0,2.0,No,0.0,Unf,1125.0,430.0,Unf,2007,1125.0,TA,8536.0,74.0,0.0,64.0,5,5,1125.0,2006,2007,155000
1699.0,1523.0,5.0,Mn,1470.0,GLQ,203.0,594.0,Unf,1990,3222.0,Gd,12376.0,90.0,0.0,0.0,5,7,1673.0,1990,1990,320000
728.0,728.0,3.0,No,0.0,Unf,728.0,390.0,Fin,2005,1456.0,Gd,8461.0,65.0,0.0,24.0,5,6,728.0,2005,2006,163990
772.0,351.0,3.0,No,0.0,Unf,732.0,264.0,Unf,1979,1123.0,TA,6060.0,50.0,0.0,0.0,5,4,732.0,1939,1950,100000
1080.0,0.0,3.0,No,570.0,BLQ,510.0,288.0,Unf,1958,1080.0,TA,9464.0,75.0,135.0,0.0,7,6,1080.0,1958,1958,136000
1199.0,0.0,2.0,No,300.0,GLQ,899.0,530.0,RFn,1993,1199.0,Gd,7892.0,55.0,0.0,63.0,5,6,1199.0,1993,1993,153900
660.0,688.0,3.0,No,512.0,BLQ,148.0,453.0,RFn,1966,1348.0,TA,7590.0,69.0,266.0,108.0,5,6,660.0,1966,1966,155000
1721.0,0.0,3.0,No,570.0,Rec,891.0,440.0,RFn,1968,1721.0,TA,10335.0,78.0,0.0,96.0,6,5,1461.0,1968,1993,180000
1682.0,0.0,3.0,No,0.0,Unf,1304.0,530.0,Unf,1970,1682.0,TA,10400.0,80.0,288.0,0.0,6,7,1304.0,1970,1970,174000
1959.0,0.0,5.0,No,0.0,Unf,1907.0,766.0,Unf,1989,1959.0,TA,11070.0,82.0,70.0,0.0,5,7,1907.0,1988,1989,171000
1004.0,848.0,3.0,Mn,668.0,GLQ,336.0,660.0,Fin,1999,1852.0,Gd,9066.0,73.0,320.0,106.0,5,8,1004.0,1999,2000,230000
928.0,836.0,3.0,No,821.0,GLQ,107.0,470.0,RFn,1997,1764.0,Gd,15426.0,65.0,0.0,99.0,5,6,928.0,1997,1997,231500
1501.0,0.0,3.0,Gd,679.0,GLQ,811.0,577.0,RFn,1999,1501.0,Gd,10335.0,78.0,183.0,29.0,5,7,1490.0,1999,1999,204000
1728.0,0.0,6.0,No,1332.0,Rec,396.0,504.0,Unf,1963,1728.0,TA,9100.0,70.0,336.0,0.0,5,5,1728.0,1963,1963,125000
970.0,739.0,3.0,No,0.0,Unf,970.0,380.0,Unf,2004,1709.0,Gd,2522.0,24.0,50.0,40.0,5,6,970.0,2004,2006,130000
875.0,0.0,2.0,No,209.0,BLQ,506.0,180.0,Unf,1931,875.0,TA,6120.0,51.0,0.0,0.0,7,5,715.0,1931,1993,105000
969.0,0.0,3.0,Av,716.0,BLQ,253.0,440.0,Unf,1975,969.0,TA,10356.0,120.0,0.0,0.0,6,5,969.0,1975,1975,122000
1200.0,0.0,4.0,No,0.0,Unf,1200.0,312.0,Unf,1923,1200.0,TA,11340.0,84.0,0.0,0.0,5,6,1200.0,1923,1950,125000
1040.0,0.0,2.0,None,0.0,None,0.0,625.0,Unf,1950,1040.0,TA,7200.0,60.0,0.0,0.0,7,5,0.0,1950,1950,109500
991.0,956.0,3.0,No,222.0,GLQ,769.0,678.0,RFn,2004,1947.0,Gd,12552.0,100.0,0.0,136.0,5,7,991.0,2004,2005,254900
1392.0,1070.0,4.0,Mn,57.0,GLQ,1335.0,576.0,RFn,2006,2462.0,Gd,19378.0,134.0,456.0,132.0,5,7,1392.0,2005,2006,320000
1572.0,1096.0,3.0,Av,1016.0,GLQ,556.0,726.0,Fin,2003,2668.0,Ex,13688.0,110.0,664.0,0.0,5,9,1572.0,2003,2004,412500
1149.0,467.0,3.0,Mn,370.0,LwQ,779.0,216.0,Unf,1926,1616.0,Gd,5400.0,40.0,0.0,0.0,7,6,1149.0,1926,2004,152000
1610.0,551.0,3.0,No,1288.0,GLQ,294.0,789.0,Fin,2007,2161.0,Ex,10562.0,86.0,300.0,120.0,5,8,1582.0,2007,2007,325624
840.0,880.0,3.0,No,0.0,Unf,840.0,440.0,Fin,2004,1720.0,Gd,8244.0,62.0,0.0,48.0,5,7,840.0,2004,2004,183500
1656.0,0.0,3.0,Gd,639.0,BLQ,441.0,528.0,Fin,1960,1656.0,TA,31770.0,141.0,112.0,62.0,5,6,1080.0,1960,1960,215000
1064.0,703.0,2.0,No,495.0,GLQ,354.0,504.0,RFn,1987,1767.0,Gd,5306.0,44.0,0.0,35.0,7,7,1064.0,1987,1987,239000
1651.0,0.0,3.0,No,1398.0,ALQ,0.0,616.0,Fin,1986,1651.0,TA,12416.0,47.0,132.0,0.0,5,6,1606.0,1986,1986,184000
2158.0,0.0,4.0,Av,477.0,ALQ,725.0,576.0,Unf,1950,2158.0,Gd,12615.0,84.0,0.0,29.0,7,6,1202.0,1950,2001,243000
2234.0,0.0,1.0,No,1904.0,GLQ,312.0,1166.0,Fin,2009,2234.0,Ex,17423.0,63.0,748.0,60.0,5,9,2216.0,2008,2009,501837
968.0,0.0,2.0,No,0.0,Unf,968.0,480.0,Unf,1935,968.0,TA,8520.0,60.0,0.0,0.0,6,5,968.0,1923,2006,100000
901.0,901.0,4.0,No,352.0,LwQ,441.0,216.0,Unf,1920,1802.0,TA,7588.0,54.0,0.0,0.0,6,7,793.0,1920,1950,200100
1362.0,720.0,3.0,No,0.0,Unf,1362.0,484.0,Unf,2003,2082.0,Gd,11426.0,63.0,0.0,238.0,5,7,1362.0,2003,2003,200000
936.0,316.0,3.0,No,0.0,Unf,504.0,576.0,Unf,1986,1252.0,TA,7438.0,92.0,0.0,0.0,8,5,504.0,1908,1991,127000
1518.0,1518.0,4.0,Mn,0.0,Unf,1107.0,840.0,Unf,1993,3608.0,Ex,22950.0,90.0,0.0,260.0,9,10,1107.0,1892,1993,475000
808.0,704.0,3.0,No,0.0,Unf,660.0,180.0,Unf,1916,1656.0,TA,10410.0,60.0,0.0,0.0,7,5,660.0,1916,1987,135000
1224.0,0.0,2.0,Av,1086.0,GLQ,0.0,528.0,Unf,1979,1224.0,TA,7018.0,64.0,275.0,0.0,5,5,1086.0,1979,1979,153337
1593.0,0.0,0.0,Av,1153.0,GLQ,440.0,682.0,Fin,2001,1593.0,Ex,4923.0,41.0,0.0,120.0,5,8,1593.0,2001,2002,286000
1549.0,1178.0,3.0,No,297.0,Rec,556.0,440.0,Unf,1932,2727.0,Gd,10570.0,70.0,0.0,74.0,8,8,853.0,1932,1994,315000
1431.0,0.0,3.0,Av,560.0,GLQ,871.0,666.0,Fin,1999,1431.0,Gd,9017.0,68.0,0.0,35.0,5,7,1431.0,1999,1999,192000
864.0,0.0,3.0,Av,390.0,ALQ,474.0,352.0,Unf,1989,864.0,TA,7180.0,60.0,0.0,0.0,7,5,864.0,1972,1972,127000
1713.0,0.0,3.0,Av,1088.0,GLQ,625.0,856.0,Fin,2004,1713.0,Ex,9591.0,76.0,262.0,26.0,5,8,1713.0,2004,2005,274900
1121.0,0.0,2.0,No,0.0,Unf,1121.0,440.0,RFn,2003,1121.0,TA,8546.0,80.0,0.0,64.0,5,4,1121.0,2003,2004,140000
1279.0,0.0,3.0,No,641.0,ALQ,276.0,473.0,Unf,1980,1279.0,TA,10125.0,75.0,0.0,83.0,6,6,1196.0,1977,1977,171500
865.0,445.0,2.0,No,617.0,LwQ,0.0,398.0,Unf,1924,1310.0,TA,7000.0,50.0,0.0,0.0,6,6,617.0,1924,1950,112000
720.0,564.0,2.0,No,312.0,LwQ,408.0,240.0,Unf,1948,1284.0,TA,3500.0,50.0,0.0,35.0,7,5,720.0,1947,1950,110000
1092.0,0.0,3.0,No,787.0,Rec,305.0,504.0,RFn,1964,1092.0,TA,8250.0,75.0,260.0,0.0,7,6,1092.0,1964,1964,145000
1212.0,0.0,3.0,Mn,36.0,GLQ,1176.0,460.0,RFn,2009,1212.0,Gd,10420.0,83.0,0.0,22.0,5,6,1212.0,2009,2009,186000
932.0,920.0,3.0,No,822.0,GLQ,78.0,644.0,RFn,2009,1852.0,Gd,8640.0,72.0,0.0,108.0,5,7,900.0,2009,2009,252678
990.0,0.0,3.0,No,716.0,ALQ,274.0,576.0,Unf,1996,990.0,TA,13568.0,43.0,0.0,0.0,5,5,990.0,1995,1995,156000
1236.0,0.0,2.0,No,360.0,BLQ,710.0,447.0,Unf,1957,1236.0,Gd,10011.0,72.0,64.0,0.0,6,5,1070.0,1957,1996,134450
810.0,518.0,3.0,No,0.0,Unf,686.0,210.0,Unf,1940,1328.0,TA,9906.0,57.0,0.0,172.0,4,4,686.0,1925,1950,107000
1248.0,0.0,2.0,Av,16.0,GLQ,1232.0,438.0,Fin,2005,1248.0,Gd,3010.0,43.0,16.0,0.0,5,7,1248.0,2005,2006,167240
811.0,741.0,3.0,No,550.0,ALQ,163.0,434.0,RFn,1975,1552.0,TA,11475.0,85.0,0.0,208.0,6,6,713.0,1975,1975,179900
864.0,0.0,2.0,No,524.0,ALQ,160.0,576.0,Unf,1989,864.0,TA,10500.0,70.0,0.0,0.0,6,4,864.0,1971,1971,97000
2392.0,0.0,3.0,Gd,56.0,GLQ,2336.0,968.0,Fin,2003,2392.0,Ex,13472.0,103.0,922.0,105.0,5,10,2392.0,2003,2003,386250
630.0,672.0,3.0,No,0.0,Unf,630.0,280.0,Unf,1991,1302.0,TA,1680.0,21.0,142.0,0.0,5,5,630.0,1971,1971,112000
912.0,0.0,3.0,No,842.0,ALQ,70.0,336.0,Unf,1974,912.0,TA,8521.0,70.0,0.0,0.0,5,5,912.0,1967,1967,125000
1555.0,0.0,2.0,Av,16.0,GLQ,1357.0,430.0,Fin,2005,1555.0,Gd,3182.0,43.0,16.0,20.0,5,7,1373.0,2005,2006,192500
1194.0,0.0,3.0,No,0.0,Unf,1194.0,312.0,RFn,1959,1194.0,TA,8760.0,73.0,220.0,0.0,6,6,1194.0,1959,1959,148000
483.0,504.0,2.0,No,0.0,Unf,483.0,288.0,Unf,1972,987.0,TA,1680.0,21.0,297.0,0.0,5,6,483.0,1972,1972,94500
894.0,0.0,3.0,Av,182.0,LwQ,0.0,308.0,Unf,1976,894.0,TA,10650.0,75.0,0.0,0.0,6,5,894.0,1976,1976,128200
1414.0,0.0,3.0,Av,24.0,GLQ,1390.0,494.0,RFn,2004,1414.0,Gd,8773.0,65.0,98.0,105.0,5,7,1414.0,2004,2004,185500
1694.0,0.0,3.0,No,0.0,Unf,1694.0,818.0,Fin,2007,1694.0,Gd,12030.0,93.0,254.0,228.0,5,8,1694.0,2007,2007,318000
1566.0,0.0,3.0,Av,1078.0,GLQ,488.0,750.0,RFn,2008,1566.0,Gd,9000.0,75.0,36.0,168.0,5,8,1566.0,2008,2008,262500
889.0,551.0,3.0,No,0.0,Unf,540.0,352.0,Unf,1940,1440.0,TA,5000.0,63.0,0.0,0.0,4,5,540.0,1900,1950,79000
908.0,1020.0,4.0,No,0.0,Unf,1020.0,440.0,Unf,1910,1928.0,Fa,9142.0,69.0,0.0,60.0,8,6,1020.0,1910,1950,137000
1375.0,0.0,2.0,No,0.0,Unf,1367.0,451.0,Unf,1954,1375.0,TA,11310.0,75.0,0.0,30.0,5,6,1367.0,1954,1954,140000
798.0,842.0,3.0,No,0.0,Unf,798.0,520.0,RFn,2004,1640.0,Gd,8366.0,65.0,0.0,45.0,5,6,798.0,2004,2004,173000
1302.0,0.0,3.0,Gd,270.0,LwQ,452.0,309.0,RFn,1964,1302.0,Gd,9350.0,85.0,108.0,0.0,7,6,1302.0,1964,1991,158000
1314.0,0.0,3.0,No,922.0,Rec,392.0,294.0,RFn,1957,1314.0,TA,8400.0,70.0,0.0,0.0,6,5,1314.0,1957,1957,145000
1005.0,1286.0,4.0,No,0.0,Unf,975.0,429.0,Fin,1999,2291.0,Gd,8738.0,66.0,302.0,0.0,5,7,975.0,1999,1999,230000
864.0,864.0,3.0,No,503.0,Rec,361.0,673.0,RFn,2003,1728.0,Gd,8791.0,64.0,0.0,56.0,5,6,864.0,2003,2003,207500
1604.0,0.0,3.0,No,1334.0,GLQ,270.0,660.0,RFn,2006,1604.0,Gd,8814.0,68.0,180.0,110.0,5,7,1604.0,2006,2006,220000
963.0,829.0,3.0,No,361.0,GLQ,602.0,564.0,RFn,2001,1792.0,Gd,12435.0,80.0,172.0,96.0,5,7,963.0,2001,2001,231500
882.0,0.0,2.0,None,0.0,None,0.0,308.0,Unf,1956,882.0,TA,12702.0,70.0,0.0,45.0,5,5,0.0,1956,1956,97000
1382.0,0.0,3.0,Gd,672.0,Rec,0.0,884.0,Unf,1991,1382.0,TA,19296.0,120.0,399.0,0.0,5,6,1362.0,1962,1962,176000
1482.0,1092.0,3.0,No,0.0,Unf,1482.0,868.0,Fin,2007,2574.0,Ex,9588.0,69.0,270.0,148.0,5,8,1482.0,2007,2007,276000
1212.0,0.0,3.0,Av,506.0,ALQ,0.0,492.0,Unf,1978,1212.0,TA,8471.0,88.0,46.0,12.0,7,6,506.0,1977,1995,151000
926.0,0.0,3.0,No,234.0,LwQ,0.0,484.0,Unf,1974,1316.0,TA,5500.0,50.0,0.0,0.0,7,5,926.0,1929,2001,130000
764.0,0.0,2.0,No,0.0,Unf,680.0,504.0,Unf,1965,764.0,TA,5232.0,30.0,0.0,0.0,5,5,680.0,1925,2004,73000
802.0,709.0,3.0,Av,714.0,GLQ,88.0,413.0,Fin,1997,1511.0,TA,11207.0,70.0,0.0,75.0,5,6,802.0,1997,1997,185000
1095.0,844.0,3.0,Mn,0.0,Unf,1095.0,1053.0,RFn,2006,1939.0,Gd,10728.0,84.0,0.0,51.0,5,8,1095.0,2006,2006,266000
1363.0,0.0,2.0,Gd,226.0,LwQ,96.0,439.0,Unf,1954,1363.0,TA,39104.0,73.0,0.0,0.0,7,7,1385.0,1954,2005,241500
1164.0,1106.0,4.0,No,524.0,GLQ,628.0,671.0,Fin,1999,2270.0,Gd,11764.0,92.0,348.0,57.0,7,8,1152.0,1999,2007,290000
1632.0,0.0,3.0,No,620.0,Rec,0.0,338.0,RFn,1958,1632.0,TA,9600.0,80.0,183.0,0.0,6,6,1240.0,1958,1988,139000
1560.0,0.0,3.0,No,0.0,Unf,1560.0,573.0,Fin,2003,1560.0,Gd,9196.0,129.0,0.0,150.0,5,7,1560.0,2003,2003,201000
864.0,0.0,2.0,No,120.0,LwQ,744.0,400.0,Unf,1951,864.0,TA,19138.0,140.0,0.0,0.0,5,4,864.0,1951,1951,141000
2121.0,0.0,3.0,Gd,0.0,Unf,2121.0,732.0,Fin,2007,2121.0,Ex,14450.0,107.0,315.0,98.0,5,9,2121.0,2006,2007,415298
1156.0,866.0,4.0,No,392.0,BLQ,768.0,505.0,Fin,1977,2022.0,TA,10005.0,83.0,299.0,117.0,5,7,1160.0,1977,1977,192000
1314.0,0.0,2.0,No,904.0,GLQ,410.0,626.0,RFn,2008,1314.0,Gd,5063.0,34.0,166.0,62.0,5,7,1314.0,2007,2008,207500
1468.0,0.0,3.0,No,0.0,Unf,1468.0,898.0,Fin,2008,1468.0,Gd,9612.0,74.0,72.0,150.0,5,8,1468.0,2008,2009,244600
625.0,625.0,2.0,No,0.0,Unf,625.0,528.0,RFn,2006,1250.0,Gd,4251.0,35.0,0.0,54.0,5,7,625.0,2006,2007,164700
698.0,698.0,3.0,No,0.0,Unf,698.0,384.0,Unf,2003,1396.0,TA,8730.0,60.0,0.0,0.0,7,6,698.0,1915,2003,153575
1079.0,840.0,3.0,Av,0.0,Unf,1079.0,685.0,RFn,2006,1919.0,Gd,15611.0,120.0,0.0,51.0,5,8,1079.0,2006,2006,233230
1148.0,568.0,3.0,No,292.0,LwQ,476.0,281.0,Unf,1949,1716.0,TA,11409.0,60.0,0.0,0.0,4,5,768.0,1949,2008,131000
1644.0,0.0,3.0,No,1285.0,GLQ,131.0,418.0,Fin,1953,1644.0,TA,9600.0,80.0,238.0,0.0,5,6,1416.0,1953,1953,167000
910.0,648.0,4.0,No,420.0,BLQ,490.0,282.0,Unf,1950,1558.0,TA,13710.0,75.0,0.0,0.0,5,5,910.0,1950,1950,152000
1041.0,702.0,3.0,No,384.0,ALQ,143.0,539.0,Unf,1968,1743.0,TA,11700.0,90.0,365.0,0.0,6,6,702.0,1968,1968,175000
1152.0,0.0,3.0,No,0.0,Unf,1092.0,300.0,Unf,1950,1152.0,Gd,14000.0,80.0,0.0,36.0,8,6,1092.0,1950,2004,158500
1336.0,0.0,2.0,Mn,841.0,BLQ,324.0,375.0,Unf,1953,1336.0,TA,15750.0,90.0,56.0,0.0,5,5,1165.0,1953,1953,157000
1541.0,0.0,3.0,No,0.0,Unf,1541.0,843.0,RFn,2001,1541.0,Gd,13704.0,118.0,150.0,81.0,5,7,1541.0,2001,2002,205000
894.0,0.0,3.0,No,894.0,ALQ,0.0,552.0,Unf,1975,894.0,TA,9800.0,70.0,0.0,0.0,7,5,894.0,1972,1972,149900
1675.0,1818.0,3.0,No,0.0,Unf,1470.0,870.0,Unf,2003,3493.0,Gd,18386.0,87.0,0.0,0.0,9,7,1470.0,1880,2002,295000
1122.0,1121.0,4.0,No,700.0,ALQ,0.0,746.0,RFn,1990,2243.0,Gd,13474.0,116.0,246.0,44.0,5,7,700.0,1990,1991,225000
972.0,0.0,2.0,No,680.0,ALQ,292.0,240.0,Unf,1948,972.0,TA,8000.0,50.0,0.0,0.0,6,6,972.0,1948,2002,132000
793.0,325.0,3.0,Mn,507.0,Rec,286.0,410.0,Unf,1939,1118.0,TA,7800.0,65.0,0.0,0.0,7,5,793.0,1939,1950,119900
2036.0,0.0,3.0,Gd,1236.0,ALQ,80.0,513.0,RFn,1965,2036.0,TA,215245.0,150.0,0.0,0.0,5,7,2136.0,1965,1965,375000
832.0,809.0,3.0,No,16.0,LwQ,712.0,546.0,Unf,1925,1641.0,Ex,9600.0,60.0,0.0,0.0,7,7,728.0,1925,1990,178000
1088.0,871.0,3.0,Av,0.0,Unf,1088.0,1025.0,RFn,2006,1959.0,Gd,9000.0,75.0,0.0,46.0,5,8,1088.0,2006,2006,270000
1249.0,1347.0,4.0,Av,0.0,Unf,1249.0,840.0,RFn,2006,2596.0,Gd,16259.0,111.0,370.0,154.0,5,9,1249.0,2006,2006,342643
1163.0,0.0,3.0,No,256.0,ALQ,906.0,220.0,Unf,1955,1163.0,TA,5820.0,49.0,0.0,98.0,8,3,1162.0,1955,2005,126175
1898.0,1080.0,5.0,No,0.0,Unf,710.0,564.0,Fin,1961,2978.0,Gd,11275.0,96.0,300.0,0.0,7,7,710.0,1967,2007,242000
803.0,0.0,2.0,Av,116.0,BLQ,604.0,360.0,Unf,1941,803.0,TA,5000.0,50.0,0.0,0.0,6,5,720.0,1941,1950,87000
1719.0,0.0,1.0,Gd,1619.0,GLQ,100.0,473.0,Fin,1993,1719.0,Gd,10846.0,32.0,0.0,30.0,5,8,1719.0,1993,1993,324000
596.0,596.0,3.0,Mn,0.0,Unf,596.0,189.0,Unf,1920,1192.0,TA,6402.0,60.0,0.0,0.0,5,5,596.0,1920,1950,78000
1056.0,0.0,3.0,No,846.0,Rec,210.0,308.0,RFn,1958,1056.0,TA,8176.0,70.0,0.0,0.0,6,5,1056.0,1958,1992,139000
1358.0,0.0,2.0,Av,720.0,GLQ,638.0,484.0,RFn,2004,1358.0,Gd,8198.0,59.0,146.0,30.0,5,7,1358.0,2004,2004,207000
1922.0,0.0,3.0,Gd,1249.0,GLQ,673.0,676.0,Fin,2005,1922.0,Gd,14157.0,86.0,200.0,51.0,5,9,1922.0,2005,2006,377426
1536.0,0.0,3.0,Av,810.0,GLQ,726.0,532.0,RFn,2002,1536.0,Gd,9135.0,70.0,113.0,74.0,5,7,1536.0,2002,2003,214000
1215.0,0.0,3.0,No,585.0,Rec,630.0,297.0,Unf,1958,1215.0,TA,12400.0,66.0,176.0,0.0,7,6,1215.0,1958,1998,155000
993.0,915.0,4.0,No,0.0,Unf,967.0,431.0,Fin,2002,1908.0,Gd,14191.0,85.0,0.0,0.0,5,8,967.0,2002,2002,202900
1684.0,0.0,2.0,No,28.0,GLQ,1656.0,564.0,RFn,2005,1684.0,Ex,8849.0,63.0,616.0,72.0,5,9,1684.0,2005,2005,266000
536.0,576.0,3.0,No,129.0,Rec,175.0,336.0,Unf,1976,1112.0,TA,2592.0,36.0,0.0,0.0,3,5,536.0,1976,1976,85000
972.0,605.0,3.0,No,0.0,Unf,972.0,312.0,Unf,1939,1577.0,Fa,6435.0,65.0,0.0,0.0,5,6,972.0,1939,1950,140200
764.0,862.0,2.0,No,573.0,GLQ,191.0,474.0,RFn,2003,1626.0,Gd,2448.0,36.0,106.0,27.0,5,7,764.0,2003,2004,154000
1848.0,880.0,4.0,No,1410.0,GLQ,438.0,706.0,Fin,2006,2728.0,Ex,20431.0,56.0,870.0,0.0,5,9,1848.0,2005,2006,437154
1869.0,0.0,2.0,No,0.0,Unf,1869.0,617.0,RFn,2007,1869.0,Ex,7820.0,68.0,362.0,54.0,5,9,1869.0,2007,2007,318061
616.0,495.0,3.0,Mn,236.0,LwQ,0.0,200.0,Unf,1941,1111.0,TA,9084.0,60.0,0.0,0.0,6,5,616.0,1941,1950,95000
720.0,0.0,2.0,No,0.0,Unf,624.0,484.0,Unf,2005,720.0,TA,8520.0,60.0,0.0,0.0,8,6,624.0,1928,2003,105900
1192.0,403.0,2.0,No,388.0,LwQ,552.0,240.0,Unf,1940,1595.0,TA,8400.0,60.0,0.0,0.0,5,6,940.0,1940,2000,140000
1200.0,0.0,3.0,No,334.0,ALQ,322.0,521.0,RFn,1995,1200.0,Gd,11249.0,105.0,0.0,26.0,5,6,1200.0,1995,1995,177500
1142.0,0.0,3.0,No,874.0,ALQ,268.0,528.0,Fin,1976,1142.0,TA,4224.0,44.0,0.0,90.0,5,5,1142.0,1976,1976,134000
1352.0,0.0,3.0,Av,300.0,BLQ,468.0,288.0,Unf,1958,1352.0,Gd,6930.0,92.0,120.0,0.0,4,5,1062.0,1958,1958,130000
1086.0,838.0,3.0,Av,956.0,GLQ,130.0,592.0,RFn,1998,1924.0,Gd,12011.0,78.0,530.0,75.0,5,8,1086.0,1998,1998,280000
672.0,672.0,3.0,No,456.0,Rec,216.0,468.0,Unf,1964,1344.0,TA,10690.0,59.0,0.0,128.0,7,5,672.0,1920,1997,147000
1431.0,0.0,3.0,Gd,371.0,GLQ,728.0,296.0,RFn,1962,1431.0,TA,9150.0,101.0,305.0,110.0,5,6,1099.0,1962,1962,165000
1268.0,0.0,2.0,No,540.0,LwQ,728.0,244.0,Fin,1954,1268.0,TA,7800.0,78.0,200.0,98.0,6,5,1268.0,1954,1954,132000
1120.0,468.0,4.0,None,0.0,None,0.0,680.0,Fin,1991,1588.0,TA,17120.0,80.0,0.0,59.0,4,4,0.0,1959,1959,134432
752.0,0.0,2.0,No,623.0,ALQ,0.0,264.0,Unf,1984,752.0,TA,7175.0,50.0,0.0,0.0,5,6,744.0,1984,1984,125000
1319.0,0.0,3.0,No,428.0,BLQ,0.0,270.0,Unf,1953,1319.0,TA,10634.0,79.0,0.0,0.0,6,5,608.0,1953,1953,123000
914.0,0.0,2.0,Av,298.0,GLQ,572.0,576.0,Unf,1998,914.0,TA,8846.0,57.0,0.0,0.0,5,5,870.0,1996,1996,148000
1580.0,886.0,4.0,No,0.0,Unf,1580.0,610.0,RFn,2004,2466.0,Gd,11143.0,102.0,0.0,214.0,5,8,1580.0,2004,2005,340000
1856.0,0.0,1.0,Av,1445.0,GLQ,411.0,834.0,Fin,2010,1856.0,Ex,11394.0,88.0,350.0,0.0,2,9,1856.0,2010,2010,394432
1007.0,793.0,3.0,No,0.0,Unf,982.0,463.0,Fin,2000,1800.0,TA,8123.0,60.0,16.0,63.0,5,6,982.0,2000,2000,179000
1026.0,665.0,3.0,No,218.0,LwQ,808.0,308.0,Unf,1924,1691.0,Gd,5000.0,50.0,0.0,0.0,6,5,1026.0,1924,1950,127000
1301.0,0.0,2.0,No,0.0,Unf,1293.0,572.0,RFn,2006,1301.0,Gd,7200.0,60.0,0.0,121.0,5,7,1293.0,2006,2006,187750
784.0,0.0,2.0,No,0.0,Unf,784.0,360.0,Unf,1950,784.0,TA,9000.0,60.0,0.0,0.0,3,6,784.0,1928,1950,76000
1269.0,0.0,2.0,No,24.0,GLQ,1232.0,430.0,Fin,2004,1269.0,Gd,3182.0,43.0,16.0,20.0,5,8,1256.0,2004,2005,192000
1479.0,0.0,3.0,No,0.0,Unf,1468.0,577.0,RFn,1999,1479.0,Gd,9382.0,93.0,125.0,25.0,5,7,1468.0,1999,2000,191000
1742.0,590.0,3.0,Av,1280.0,GLQ,402.0,846.0,Fin,2008,2332.0,Ex,12474.0,96.0,272.0,134.0,5,10,1682.0,2007,2008,426000
961.0,406.0,4.0,No,241.0,Rec,229.0,384.0,Unf,1978,1367.0,TA,8405.0,50.0,0.0,130.0,8,5,861.0,1900,1950,119000
804.0,1157.0,3.0,No,690.0,ALQ,114.0,560.0,Fin,2001,1961.0,Gd,12209.0,71.0,0.0,192.0,5,6,804.0,2001,2002,215000
894.0,0.0,2.0,Av,777.0,Rec,117.0,600.0,RFn,1985,894.0,TA,7200.0,60.0,0.0,0.0,5,5,894.0,1972,1972,123000
876.0,936.0,4.0,No,540.0,ALQ,324.0,264.0,RFn,1962,1812.0,TA,7590.0,69.0,288.0,168.0,5,5,864.0,1962,1962,169500
1077.0,0.0,2.0,No,0.0,Unf,961.0,338.0,Unf,1920,1077.0,TA,8967.0,60.0,0.0,0.0,2,5,961.0,1920,1950,67000
1112.0,438.0,2.0,No,812.0,GLQ,280.0,438.0,Fin,2007,1550.0,Gd,8125.0,65.0,100.0,168.0,5,7,1092.0,2006,2007,241000
1288.0,0.0,1.0,No,786.0,GLQ,474.0,500.0,Fin,1996,1288.0,Ex,14963.0,38.0,0.0,30.0,5,8,1260.0,1996,1996,245500
1310.0,0.0,3.0,Av,24.0,GLQ,1286.0,400.0,Fin,2005,1310.0,Gd,8767.0,65.0,0.0,0.0,5,7,1310.0,2005,2005,164990
672.0,0.0,2.0,No,0.0,Unf,672.0,240.0,Unf,1940,672.0,TA,10200.0,60.0,0.0,0.0,8,5,672.0,1940,1997,108000
1166.0,0.0,3.0,No,0.0,Unf,1064.0,240.0,Unf,1936,1639.0,TA,10480.0,51.0,0.0,0.0,5,6,1064.0,1936,1950,115000
1050.0,1028.0,3.0,No,789.0,GLQ,245.0,836.0,Fin,2008,2078.0,Ex,10800.0,85.0,100.0,102.0,5,8,1034.0,2007,2008,339750
1056.0,0.0,3.0,Mn,1056.0,Rec,0.0,572.0,Fin,1955,1056.0,TA,34650.0,100.0,0.0,0.0,5,5,1056.0,1955,1955,145000
1340.0,0.0,3.0,Av,24.0,GLQ,1316.0,396.0,Fin,2007,1340.0,Gd,8899.0,73.0,0.0,30.0,5,7,1340.0,2007,2007,181134
1370.0,1254.0,4.0,No,1128.0,BLQ,242.0,864.0,Unf,1918,2624.0,TA,22420.0,86.0,0.0,0.0,6,6,1370.0,1918,1950,239000
756.0,378.0,3.0,No,312.0,ALQ,444.0,240.0,Unf,1940,1134.0,TA,8160.0,60.0,0.0,0.0,6,5,756.0,1940,1950,126000
1056.0,0.0,3.0,No,775.0,BLQ,281.0,304.0,Unf,1968,1056.0,TA,8450.0,65.0,0.0,85.0,6,5,1056.0,1968,1968,142000
1196.0,0.0,2.0,No,616.0,LwQ,580.0,297.0,RFn,1956,1196.0,TA,9000.0,72.0,74.0,44.0,5,6,1196.0,1956,1956,139000
707.0,682.0,3.0,No,0.0,Unf,651.0,240.0,Unf,1947,1389.0,TA,3378.0,60.0,0.0,0.0,8,7,651.0,1946,1992,135000
907.0,0.0,3.0,No,288.0,Rec,619.0,352.0,Unf,1964,907.0,TA,8593.0,77.0,0.0,0.0,6,4,907.0,1957,1957,109008
1412.0,0.0,3.0,Mn,1005.0,GLQ,387.0,576.0,Unf,1988,1412.0,Gd,11457.0,130.0,0.0,0.0,5,6,1392.0,1988,1988,175000
483.0,504.0,2.0,No,387.0,ALQ,96.0,264.0,Unf,1971,987.0,TA,1680.0,21.0,232.0,0.0,5,6,483.0,1971,1971,85400
765.0,600.0,2.0,No,471.0,ALQ,294.0,440.0,Unf,1971,1365.0,TA,1920.0,24.0,376.0,36.0,5,5,765.0,1971,1971,122500
926.0,678.0,3.0,No,0.0,Unf,926.0,470.0,Fin,1997,1604.0,TA,10839.0,100.0,0.0,36.0,5,6,926.0,1997,1998,181000
827.0,834.0,3.0,Av,385.0,GLQ,70.0,550.0,RFn,1996,1661.0,Gd,10667.0,43.0,0.0,61.0,6,7,799.0,1996,1996,212000
904.0,0.0,2.0,No,0.0,Unf,884.0,180.0,Unf,1926,904.0,TA,6000.0,50.0,0.0,0.0,7,6,884.0,1926,2004,119000
684.0,512.0,3.0,Mn,0.0,Unf,684.0,528.0,Unf,2005,1196.0,Gd,12354.0,67.0,0.0,46.0,8,6,684.0,1920,2000,110000
2402.0,0.0,2.0,Gd,1767.0,GLQ,788.0,672.0,Fin,2008,2402.0,Ex,15431.0,105.0,200.0,72.0,5,10,3094.0,2008,2008,555000
1128.0,445.0,3.0,No,0.0,Unf,1078.0,360.0,Unf,1930,1573.0,TA,6240.0,52.0,0.0,0.0,7,5,1078.0,1930,1992,162900
1258.0,0.0,2.0,Av,0.0,Unf,1258.0,648.0,Fin,2007,1258.0,Gd,3922.0,53.0,72.0,16.0,5,7,1258.0,2006,2007,172500
933.0,975.0,4.0,No,642.0,GLQ,273.0,493.0,Unf,1994,1908.0,Gd,8750.0,70.0,0.0,133.0,5,7,915.0,1994,1995,210000
1689.0,0.0,3.0,No,0.0,Unf,1436.0,480.0,Unf,1956,1689.0,TA,9855.0,73.0,0.0,0.0,5,6,1436.0,1956,1956,127500
780.0,596.0,3.0,No,0.0,Unf,780.0,198.0,Unf,1937,1376.0,TA,8600.0,50.0,0.0,0.0,6,6,780.0,1937,1950,119500
679.0,504.0,2.0,No,331.0,ALQ,318.0,308.0,Unf,1981,1183.0,TA,6000.0,50.0,0.0,176.0,7,3,649.0,1948,2002,120000
813.0,0.0,2.0,No,0.0,Unf,813.0,270.0,Unf,1932,813.0,Gd,5684.0,70.0,0.0,113.0,8,6,813.0,1930,2005,110000
1533.0,0.0,2.0,Gd,655.0,ALQ,878.0,576.0,Unf,1975,1533.0,Gd,70761.0,62.0,0.0,54.0,5,7,1533.0,1975,1975,280000
1728.0,0.0,4.0,No,1606.0,ALQ,122.0,560.0,Unf,1976,1728.0,TA,9297.0,63.0,0.0,0.0,5,5,1728.0,1976,1976,188000
1242.0,0.0,3.0,No,916.0,ALQ,326.0,528.0,Unf,1973,1242.0,TA,9600.0,80.0,320.0,0.0,6,7,1242.0,1973,1973,175500
624.0,720.0,4.0,No,0.0,Unf,624.0,513.0,Unf,1916,1344.0,TA,4571.0,34.0,0.0,0.0,5,5,624.0,1916,1950,98000
832.0,1103.0,3.0,No,544.0,GLQ,288.0,552.0,Fin,2009,1935.0,TA,8004.0,75.0,110.0,150.0,5,8,832.0,2009,2009,263435
575.0,560.0,3.0,No,350.0,ALQ,0.0,576.0,RFn,1971,1135.0,Gd,7200.0,60.0,0.0,0.0,9,7,560.0,1936,2007,155000
864.0,0.0,3.0,No,553.0,Rec,0.0,360.0,Unf,1965,864.0,TA,8281.0,60.0,0.0,0.0,5,5,864.0,1965,1965,62383
849.0,811.0,3.0,No,326.0,LwQ,389.0,240.0,Unf,1939,1660.0,TA,11988.0,74.0,0.0,0.0,7,6,715.0,1934,1995,188700
1277.0,0.0,2.0,Gd,778.0,GLQ,499.0,526.0,Unf,1970,1277.0,TA,10628.0,85.0,0.0,0.0,5,7,1277.0,1970,1970,167000
832.0,878.0,3.0,No,426.0,GLQ,406.0,506.0,RFn,1993,1710.0,Gd,9291.0,76.0,120.0,70.0,5,6,832.0,1993,1993,187000
1161.0,808.0,3.0,No,0.0,Unf,808.0,534.0,RFn,1977,1969.0,TA,11952.0,92.0,0.0,0.0,6,7,808.0,1977,1977,190000
1652.0,0.0,2.0,Av,1196.0,GLQ,298.0,499.0,RFn,2000,1652.0,Ex,5330.0,41.0,0.0,48.0,5,8,1494.0,2000,2000,251000
970.0,0.0,2.0,No,630.0,GLQ,340.0,624.0,Unf,1996,970.0,TA,8480.0,80.0,0.0,24.0,6,5,970.0,1963,1963,132500
2069.0,574.0,3.0,Av,0.0,Unf,2153.0,694.0,Fin,2006,2643.0,Ex,13693.0,105.0,772.0,84.0,5,9,2153.0,2006,2006,380000
1718.0,0.0,3.0,Gd,1288.0,GLQ,417.0,826.0,RFn,2007,1718.0,Gd,10637.0,79.0,336.0,44.0,5,8,1705.0,2007,2008,297000
1850.0,0.0,3.0,Gd,1261.0,GLQ,572.0,772.0,Fin,2004,1850.0,Gd,16033.0,98.0,378.0,112.0,5,9,1833.0,2004,2005,326000
1792.0,0.0,2.0,Gd,1567.0,GLQ,225.0,874.0,Fin,2003,1792.0,Ex,11846.0,72.0,562.0,49.0,5,9,1792.0,2003,2004,374000
1113.0,0.0,3.0,No,607.0,ALQ,506.0,264.0,Unf,1950,1113.0,Gd,9600.0,80.0,0.0,80.0,7,5,1113.0,1950,2007,147000
1073.0,0.0,3.0,No,836.0,ALQ,237.0,515.0,RFn,1965,1073.0,TA,10289.0,79.0,168.0,0.0,7,5,1073.0,1965,1965,156000
1484.0,0.0,3.0,Av,998.0,ALQ,486.0,487.0,Unf,1971,1484.0,TA,12243.0,70.0,0.0,0.0,6,5,1484.0,1971,1971,175000
958.0,620.0,3.0,No,403.0,BLQ,238.0,240.0,Unf,1941,1578.0,Fa,9490.0,79.0,0.0,0.0,7,6,806.0,1941,1950,133000
728.0,728.0,3.0,No,0.0,Unf,728.0,429.0,RFn,2006,1456.0,TA,15578.0,105.0,0.0,0.0,5,6,728.0,2006,2006,172785
1269.0,0.0,3.0,No,374.0,BLQ,363.0,308.0,Unf,1964,1269.0,TA,7931.0,70.0,0.0,0.0,6,5,1269.0,1960,1960,155000
886.0,0.0,2.0,No,0.0,Unf,190.0,273.0,Unf,1938,886.0,TA,5784.0,50.0,0.0,20.0,8,5,190.0,1938,1996,91300
1133.0,687.0,4.0,No,329.0,Rec,697.0,240.0,Unf,1925,1820.0,TA,9120.0,60.0,0.0,100.0,6,7,1026.0,1925,1950,184000
899.0,0.0,3.0,No,450.0,ALQ,414.0,288.0,Fin,1967,899.0,Gd,7800.0,65.0,89.0,0.0,7,5,864.0,1967,2004,130000
912.0,0.0,2.0,No,111.0,BLQ,522.0,297.0,Fin,1958,912.0,TA,7535.0,70.0,0.0,285.0,7,5,912.0,1958,1985,120000
672.0,546.0,3.0,No,356.0,BLQ,316.0,264.0,Unf,1973,1218.0,TA,1890.0,21.0,285.0,28.0,5,6,672.0,1973,1973,113000
866.0,902.0,3.0,No,400.0,GLQ,466.0,603.0,RFn,2005,1768.0,Gd,9803.0,75.0,0.0,108.0,5,7,866.0,2005,2005,226700
1214.0,0.0,2.0,No,698.0,ALQ,420.0,461.0,Unf,1965,1214.0,TA,9170.0,70.0,0.0,0.0,7,5,1214.0,1965,1965,140000
1801.0,0.0,1.0,No,1247.0,ALQ,254.0,484.0,Fin,1959,1801.0,TA,15602.0,100.0,0.0,54.0,8,7,1501.0,1959,1997,289000
960.0,1000.0,4.0,No,0.0,Unf,960.0,400.0,Unf,1952,1960.0,TA,7596.0,60.0,360.0,0.0,5,5,960.0,1952,1952,124500
1218.0,0.0,2.0,No,27.0,GLQ,1191.0,676.0,Fin,2009,1218.0,Gd,7862.0,75.0,0.0,102.0,5,6,1218.0,2009,2009,208300
689.0,689.0,3.0,No,141.0,Rec,548.0,360.0,Unf,1928,1378.0,Gd,9600.0,60.0,0.0,0.0,9,7,689.0,1928,2005,161000
1041.0,0.0,3.0,No,991.0,ALQ,50.0,270.0,RFn,1959,1041.0,TA,9600.0,80.0,132.0,88.0,6,5,1041.0,1959,1959,124500
1363.0,0.0,2.0,No,650.0,BLQ,178.0,288.0,Unf,1951,1363.0,TA,14559.0,75.0,70.0,42.0,7,5,1008.0,1951,2000,164900
789.0,0.0,2.0,No,0.0,Unf,768.0,200.0,Unf,1926,789.0,TA,10594.0,55.0,0.0,0.0,5,5,768.0,1926,1950,96500
2020.0,0.0,3.0,No,1436.0,GLQ,570.0,900.0,Fin,2009,2020.0,Ex,12220.0,94.0,305.0,54.0,5,10,2006.0,2009,2009,402861
1277.0,1067.0,3.0,No,0.0,Unf,1264.0,889.0,RFn,1996,2344.0,Gd,10208.0,79.0,921.0,0.0,5,7,1264.0,1996,1997,265000
1276.0,804.0,3.0,No,0.0,Unf,1276.0,282.0,Unf,1926,2080.0,Gd,10918.0,53.0,0.0,0.0,9,7,1276.0,1926,2004,234000
1244.0,0.0,3.0,No,777.0,Rec,467.0,336.0,Unf,1957,1244.0,TA,11988.0,90.0,0.0,40.0,6,6,1244.0,1957,1957,150000
3138.0,1538.0,3.0,Gd,2260.0,GLQ,878.0,884.0,Fin,2007,4676.0,Ex,40094.0,130.0,762.0,406.0,5,10,3138.0,2007,2008,184750
1266.0,0.0,3.0,No,0.0,Unf,1257.0,453.0,Unf,2005,1266.0,Gd,7500.0,62.0,0.0,144.0,5,7,1257.0,2005,2005,176000
928.0,0.0,2.0,No,377.0,Rec,551.0,252.0,Unf,1956,928.0,TA,13300.0,70.0,0.0,0.0,7,5,928.0,1956,2000,132000
1476.0,1237.0,3.0,Av,1330.0,GLQ,122.0,858.0,Fin,2008,2713.0,Ex,14948.0,67.0,268.0,66.0,5,9,1452.0,2008,2008,446261
1509.0,0.0,3.0,Av,783.0,GLQ,678.0,600.0,RFn,1988,1509.0,Gd,10200.0,85.0,219.0,0.0,5,6,1461.0,1988,1989,175000
751.0,611.0,3.0,Mn,0.0,Unf,611.0,502.0,Fin,1920,1362.0,TA,6155.0,60.0,0.0,0.0,8,6,611.0,1920,1999,128000
707.0,707.0,3.0,Av,0.0,Unf,707.0,403.0,Fin,2004,1414.0,Gd,9056.0,74.0,0.0,35.0,5,8,707.0,2004,2004,178000
880.0,844.0,3.0,Av,0.0,Unf,880.0,527.0,Fin,1998,1724.0,Gd,8924.0,57.0,0.0,155.0,5,7,880.0,1998,1999,188000
1680.0,0.0,3.0,No,144.0,LwQ,379.0,583.0,Fin,1998,1680.0,Gd,10140.0,78.0,0.0,73.0,5,7,1650.0,1998,1999,213250
767.0,0.0,1.0,Av,584.0,GLQ,0.0,367.0,Fin,1998,767.0,TA,4058.0,34.0,182.0,40.0,5,7,723.0,1998,1998,133000
915.0,720.0,3.0,No,300.0,Rec,765.0,440.0,Unf,1950,1635.0,TA,8737.0,70.0,0.0,38.0,7,6,1065.0,1923,1950,210000
768.0,0.0,2.0,Av,619.0,ALQ,149.0,624.0,Unf,1987,768.0,TA,7244.0,54.0,0.0,0.0,7,5,768.0,1970,1970,129500
825.0,0.0,2.0,No,180.0,LwQ,0.0,720.0,RFn,1963,825.0,TA,8235.0,49.0,0.0,50.0,7,5,825.0,1955,1995,125000
912.0,1182.0,4.0,No,0.0,Unf,912.0,615.0,Fin,2003,2094.0,Gd,9375.0,75.0,0.0,182.0,5,7,912.0,2003,2004,263000
1069.0,0.0,2.0,No,559.0,ALQ,510.0,440.0,RFn,1977,1069.0,TA,4043.0,53.0,0.0,55.0,6,6,1069.0,1977,1977,140000
928.0,0.0,3.0,No,308.0,Rec,620.0,288.0,Fin,1957,928.0,TA,6000.0,50.0,0.0,0.0,6,5,928.0,1957,1957,112500
1717.0,0.0,3.0,Av,0.0,Unf,1709.0,908.0,RFn,2006,1717.0,Gd,11146.0,87.0,250.0,39.0,5,8,1709.0,2006,2006,255500
1126.0,0.0,2.0,None,0.0,None,0.0,520.0,Fin,2002,1126.0,Gd,8777.0,67.0,0.0,96.0,5,4,0.0,1949,2003,108000
1006.0,1040.0,3.0,No,866.0,GLQ,132.0,871.0,RFn,2003,2046.0,Gd,10625.0,85.0,292.0,62.0,5,7,998.0,2003,2004,284000
1092.0,0.0,2.0,No,895.0,Rec,197.0,299.0,Fin,1957,1092.0,TA,14850.0,69.0,0.0,0.0,5,5,1092.0,1957,1957,141000
897.0,439.0,3.0,No,637.0,Rec,0.0,570.0,Unf,1994,1336.0,TA,11040.0,60.0,0.0,47.0,6,4,637.0,1920,1950,108000
729.0,717.0,3.0,Gd,604.0,GLQ,125.0,406.0,Unf,1996,1446.0,TA,21872.0,57.0,0.0,22.0,5,7,729.0,1996,1997,175000
1389.0,0.0,2.0,Av,1071.0,ALQ,195.0,418.0,RFn,1975,1389.0,TA,10010.0,77.0,0.0,38.0,5,5,1389.0,1974,1975,170000
1163.0,511.0,4.0,Mn,0.0,Unf,1163.0,396.0,Fin,1955,1674.0,TA,21780.0,66.0,0.0,36.0,7,6,1163.0,1918,1950,185000
841.0,806.0,4.0,No,0.0,Unf,806.0,216.0,Unf,1920,1647.0,Fa,6858.0,66.0,0.0,66.0,4,6,806.0,1915,1950,128000
1134.0,1370.0,4.0,No,0.0,Unf,1122.0,656.0,Fin,2005,2504.0,Ex,11198.0,77.0,245.0,39.0,5,9,1122.0,2005,2007,325000
1535.0,0.0,3.0,No,2.0,GLQ,1515.0,532.0,RFn,2004,1535.0,Gd,10171.0,70.0,168.0,0.0,5,7,1517.0,2004,2004,214000
1496.0,636.0,1.0,Gd,1441.0,GLQ,55.0,612.0,Fin,1983,2132.0,Gd,12327.0,79.0,0.0,40.0,8,8,1496.0,1983,2009,316600
1728.0,0.0,6.0,No,231.0,LwQ,1497.0,576.0,Unf,1987,1728.0,TA,13101.0,74.0,108.0,0.0,5,5,1728.0,1965,1965,142600
846.0,846.0,3.0,Av,0.0,Unf,846.0,650.0,RFn,2009,1692.0,Gd,13159.0,83.0,0.0,114.0,5,7,846.0,2009,2009,224500
576.0,533.0,3.0,Av,349.0,ALQ,23.0,288.0,Unf,1971,1109.0,TA,10500.0,70.0,82.0,0.0,7,5,372.0,1971,2005,139000
832.0,384.0,2.0,No,442.0,Rec,390.0,336.0,Unf,1947,1216.0,TA,8480.0,80.0,0.0,0.0,5,5,832.0,1947,1950,118500
877.0,600.0,3.0,No,0.0,Unf,861.0,216.0,Unf,1928,1477.0,TA,6292.0,52.0,0.0,50.0,7,7,861.0,1928,1950,145000
703.0,689.0,2.0,No,0.0,Unf,689.0,540.0,Unf,2007,1392.0,Gd,3604.0,34.0,0.0,102.0,5,7,689.0,2007,2007,146000
1050.0,745.0,4.0,No,0.0,Unf,1050.0,352.0,Unf,1954,1795.0,TA,12150.0,81.0,335.0,0.0,5,5,1050.0,1954,1954,131500
2028.0,0.0,2.0,Gd,1460.0,GLQ,408.0,880.0,RFn,2005,2028.0,Gd,11443.0,88.0,208.0,66.0,5,8,1868.0,2005,2006,369900
838.0,0.0,2.0,Mn,210.0,Rec,0.0,275.0,Fin,1961,838.0,Fa,10267.0,55.0,0.0,0.0,7,6,816.0,1918,2000,130000
860.0,0.0,2.0,Av,672.0,ALQ,168.0,528.0,Unf,1996,860.0,TA,8740.0,74.0,0.0,0.0,6,5,840.0,1982,1982,137000
1473.0,0.0,1.0,Gd,1324.0,GLQ,113.0,452.0,Unf,1968,1473.0,Ex,25095.0,65.0,0.0,48.0,8,5,1437.0,1968,2003,143000
779.0,0.0,2.0,No,0.0,Unf,742.0,308.0,Unf,1988,935.0,TA,9100.0,50.0,0.0,0.0,6,5,742.0,1930,1960,79500
770.0,812.0,3.0,No,490.0,GLQ,280.0,520.0,RFn,2004,1582.0,Gd,8320.0,64.0,0.0,45.0,5,7,770.0,2004,2004,185900
1728.0,568.0,3.0,Gd,1338.0,GLQ,384.0,842.0,RFn,2008,2296.0,Ex,13478.0,97.0,420.0,274.0,5,10,1722.0,2008,2008,451950
924.0,0.0,3.0,No,0.0,Unf,924.0,280.0,Unf,1981,924.0,TA,7990.0,88.0,0.0,0.0,6,5,924.0,1975,1975,110000
684.0,684.0,3.0,No,0.0,Unf,684.0,216.0,Unf,1930,1368.0,TA,3600.0,60.0,0.0,158.0,7,6,684.0,1910,1993,114504
1402.0,0.0,2.0,Av,0.0,Unf,1258.0,648.0,Fin,2006,1402.0,Gd,3922.0,53.0,72.0,16.0,5,7,1258.0,2006,2007,194201
1647.0,0.0,3.0,Mn,1283.0,ALQ,0.0,621.0,Fin,1977,1647.0,Gd,12984.0,80.0,459.0,0.0,6,5,1430.0,1977,1977,217500
1058.0,846.0,3.0,Av,546.0,GLQ,512.0,736.0,Fin,2003,1904.0,Ex,10927.0,74.0,280.0,60.0,5,8,1058.0,2005,2005,275000
927.0,988.0,3.0,Mn,789.0,GLQ,119.0,506.0,Fin,1992,1915.0,Gd,10041.0,80.0,0.0,150.0,5,8,908.0,1992,1992,220000
600.0,600.0,2.0,No,0.0,Unf,600.0,480.0,RFn,2004,1200.0,Gd,3182.0,30.0,0.0,172.0,5,7,600.0,2004,2005,151000
1186.0,800.0,3.0,No,454.0,BLQ,314.0,486.0,Unf,1965,1986.0,TA,13600.0,85.0,176.0,42.0,6,7,768.0,1965,1990,205000
1112.0,896.0,3.0,No,603.0,GLQ,293.0,230.0,Unf,1948,2008.0,Ex,7800.0,78.0,0.0,0.0,8,5,896.0,1948,2002,225000
1940.0,1254.0,4.0,Mn,428.0,BLQ,537.0,380.0,Unf,1934,3194.0,TA,12168.0,78.0,0.0,0.0,6,8,965.0,1934,1998,359100
1029.0,0.0,3.0,Mn,903.0,Rec,126.0,261.0,Unf,1961,1029.0,TA,7943.0,61.0,192.0,0.0,5,4,1029.0,1961,1961,118500
1054.0,0.0,3.0,Gd,763.0,GLQ,173.0,480.0,RFn,1963,1054.0,Gd,8800.0,80.0,156.0,0.0,7,6,936.0,1963,1963,137500
832.0,0.0,2.0,No,0.0,Unf,832.0,528.0,Unf,1962,832.0,Gd,7227.0,59.0,0.0,0.0,6,6,832.0,1954,1954,105500
1548.0,1066.0,4.0,No,956.0,ALQ,384.0,624.0,RFn,1974,2614.0,TA,10800.0,90.0,0.0,243.0,7,6,1522.0,1974,1997,240000
980.0,0.0,3.0,No,560.0,BLQ,420.0,484.0,Unf,1986,980.0,TA,7064.0,71.0,153.0,0.0,6,5,980.0,1977,1977,135000
1012.0,778.0,4.0,No,247.0,Rec,485.0,484.0,RFn,1972,1790.0,TA,10400.0,80.0,288.0,0.0,5,6,732.0,1972,1972,165150
1116.0,0.0,3.0,No,0.0,Unf,1116.0,440.0,Unf,1962,1116.0,TA,10000.0,87.0,261.0,0.0,6,6,1116.0,1962,1962,160000
1520.0,0.0,3.0,Av,674.0,BLQ,350.0,364.0,RFn,1955,1520.0,TA,9600.0,80.0,164.0,0.0,6,6,1156.0,1955,1972,153000
1040.0,1040.0,5.0,Av,650.0,Rec,390.0,504.0,Unf,1969,2080.0,Fa,11606.0,70.0,192.0,0.0,5,5,1040.0,1969,1969,135000
1350.0,0.0,3.0,Gd,624.0,GLQ,288.0,520.0,RFn,1964,1350.0,TA,9020.0,82.0,259.0,0.0,5,6,1248.0,1964,1964,168500
1089.0,661.0,3.0,No,0.0,Unf,636.0,240.0,Unf,1937,1750.0,Ex,9000.0,50.0,0.0,0.0,6,5,636.0,1880,1991,124000
1554.0,0.0,2.0,Mn,24.0,GLQ,1530.0,627.0,RFn,2006,1554.0,Gd,4590.0,34.0,108.0,73.0,5,8,1554.0,2006,2006,209500
1411.0,0.0,3.0,No,822.0,ALQ,564.0,544.0,Fin,1977,1411.0,TA,11900.0,85.0,209.0,0.0,5,7,1386.0,1977,1977,82500
1056.0,0.0,3.0,No,480.0,BLQ,108.0,260.0,Unf,1954,1056.0,TA,9250.0,80.0,0.0,0.0,7,5,1056.0,1954,2005,139400
1056.0,0.0,0.0,No,1056.0,GLQ,0.0,576.0,Unf,1980,1056.0,TA,6979.0,64.0,0.0,56.0,5,6,1056.0,1980,1980,144000
811.0,576.0,3.0,No,0.0,Unf,811.0,256.0,Unf,1954,1387.0,Gd,6000.0,50.0,0.0,0.0,4,5,811.0,1954,1954,93000
1567.0,0.0,1.0,Av,1154.0,GLQ,366.0,648.0,Fin,2006,1567.0,Ex,3982.0,53.0,0.0,0.0,5,8,1520.0,2006,2006,264561
780.0,840.0,4.0,No,493.0,Rec,0.0,462.0,Fin,1969,1620.0,TA,10793.0,80.0,263.0,0.0,5,5,780.0,1969,1969,152000
1048.0,0.0,3.0,None,0.0,None,0.0,420.0,Unf,1950,1048.0,TA,7200.0,60.0,0.0,27.0,5,5,0.0,1950,1950,98300
1051.0,788.0,4.0,No,0.0,Unf,756.0,442.0,Unf,1966,1839.0,TA,7700.0,70.0,351.0,124.0,5,6,756.0,1966,1966,155000
909.0,807.0,2.0,No,0.0,Unf,880.0,512.0,RFn,1996,1716.0,Gd,8750.0,70.0,0.0,120.0,5,7,880.0,1996,1996,191000
2113.0,0.0,2.0,Gd,1696.0,GLQ,413.0,839.0,Fin,1995,2113.0,Gd,10437.0,91.0,660.0,46.0,6,8,2109.0,1995,1995,350000
1053.0,0.0,3.0,No,806.0,ALQ,247.0,312.0,RFn,1959,1053.0,Gd,10007.0,72.0,54.0,0.0,7,5,1053.0,1959,2006,145500
851.0,651.0,3.0,No,0.0,Unf,776.0,270.0,RFn,1931,1502.0,TA,7200.0,60.0,0.0,0.0,6,7,776.0,1931,2000,149000
912.0,546.0,3.0,No,0.0,Unf,912.0,330.0,Unf,1948,1458.0,TA,17503.0,78.0,0.0,0.0,5,6,912.0,1948,1950,97500
1486.0,0.0,3.0,No,637.0,BLQ,849.0,480.0,Fin,1968,1486.0,TA,9937.0,75.0,0.0,0.0,7,5,1486.0,1964,1999,167000
1686.0,762.0,4.0,No,1361.0,GLQ,88.0,711.0,RFn,1994,2448.0,Gd,46589.0,52.0,528.0,76.0,7,8,1629.0,1994,2005,402000
1392.0,0.0,2.0,No,0.0,Unf,1392.0,576.0,RFn,1968,1392.0,TA,13560.0,120.0,216.0,0.0,3,6,1392.0,1968,1968,110000
1181.0,0.0,3.0,Av,920.0,BLQ,38.0,588.0,RFn,1974,1181.0,TA,10012.0,90.0,0.0,0.0,5,4,1138.0,1972,1972,137500
1454.0,482.0,3.0,No,0.0,Unf,1406.0,504.0,RFn,2000,1936.0,Gd,11194.0,106.0,40.0,124.0,5,8,1406.0,2000,2000,230500
1679.0,0.0,3.0,No,1138.0,GLQ,270.0,575.0,RFn,1994,1679.0,Gd,8125.0,65.0,258.0,42.0,5,6,1408.0,1994,1998,193500
1180.0,0.0,2.0,No,0.0,Unf,700.0,252.0,Unf,1922,1180.0,Fa,11600.0,80.0,0.0,0.0,5,4,700.0,1922,1950,137500
855.0,586.0,3.0,No,311.0,ALQ,544.0,440.0,Unf,1978,1441.0,TA,2289.0,24.0,0.0,0.0,6,6,855.0,1978,1978,148500
1095.0,679.0,4.0,No,0.0,Unf,1095.0,779.0,Unf,1920,1774.0,TA,9600.0,60.0,0.0,0.0,2,4,1095.0,1900,1950,87000
792.0,0.0,2.0,No,0.0,Unf,768.0,240.0,Unf,1924,792.0,Gd,9022.0,52.0,0.0,0.0,8,5,768.0,1924,2006,109500
2046.0,0.0,3.0,Mn,0.0,Unf,2046.0,834.0,Fin,2008,2046.0,Gd,11844.0,80.0,464.0,82.0,5,8,2046.0,2008,2008,372500
848.0,672.0,3.0,No,182.0,Rec,611.0,281.0,Unf,1968,1520.0,TA,4500.0,55.0,0.0,0.0,5,5,793.0,1932,2000,159434
1195.0,644.0,4.0,No,0.0,Unf,1195.0,486.0,Fin,1998,1839.0,TA,16770.0,58.0,30.0,81.0,5,7,1195.0,1998,1998,221000
874.0,887.0,3.0,No,0.0,Unf,874.0,578.0,Fin,2007,1761.0,Gd,10207.0,84.0,0.0,105.0,6,7,874.0,2007,2007,227875
2444.0,1872.0,4.0,Gd,1455.0,GLQ,989.0,832.0,Fin,1994,4316.0,Ex,21535.0,104.0,1170.0,50.0,6,10,2444.0,1994,1995,755000
1238.0,1281.0,4.0,Gd,965.0,GLQ,245.0,628.0,RFn,1989,2519.0,Gd,26178.0,42.0,293.0,27.0,5,7,1210.0,1989,1990,335000
616.0,0.0,2.0,No,616.0,LwQ,0.0,205.0,Unf,1921,616.0,TA,6000.0,50.0,0.0,0.0,7,5,616.0,1921,1950,89000
1148.0,0.0,2.0,Mn,210.0,LwQ,219.0,308.0,Unf,1952,1148.0,TA,6420.0,57.0,0.0,0.0,7,5,980.0,1952,1952,123500
894.0,0.0,3.0,No,553.0,GLQ,224.0,336.0,Unf,1973,894.0,TA,8450.0,65.0,0.0,144.0,8,5,894.0,1965,2009,138500
1800.0,0.0,3.0,Gd,1274.0,GLQ,526.0,765.0,Fin,2002,1800.0,Gd,14331.0,85.0,630.0,78.0,5,8,1800.0,2002,2002,312500
1164.0,0.0,3.0,No,0.0,Unf,1164.0,528.0,Unf,1969,1164.0,TA,9600.0,80.0,168.0,0.0,5,7,1164.0,1969,1969,140000
1264.0,1312.0,4.0,No,0.0,Unf,1234.0,666.0,Fin,2006,2576.0,Ex,12438.0,82.0,466.0,100.0,5,8,1234.0,2006,2006,361919
1484.0,0.0,3.0,Av,712.0,GLQ,761.0,606.0,RFn,2004,1484.0,Gd,8400.0,70.0,109.0,35.0,5,7,1473.0,2004,2005,213000
728.0,728.0,3.0,Av,0.0,Unf,728.0,400.0,Fin,2007,1456.0,Gd,9018.0,65.0,0.0,24.0,5,7,728.0,2007,2007,179540
859.0,319.0,2.0,Mn,0.0,Unf,859.0,384.0,RFn,1964,1178.0,TA,8712.0,66.0,0.0,0.0,7,4,859.0,1900,1950,102776
1228.0,0.0,2.0,Mn,767.0,GLQ,461.0,472.0,Fin,1988,1228.0,Gd,4671.0,40.0,0.0,120.0,5,8,1228.0,1988,1989,189000
960.0,0.0,3.0,Av,789.0,ALQ,171.0,576.0,Unf,1970,960.0,TA,9873.0,60.0,160.0,288.0,5,4,960.0,1970,1970,129000
1350.0,0.0,3.0,No,0.0,Unf,1064.0,478.0,RFn,1974,1350.0,TA,10140.0,78.0,174.0,0.0,5,6,1064.0,1974,1974,165000
1178.0,0.0,3.0,No,1084.0,BLQ,92.0,439.0,Unf,1973,1178.0,Gd,10000.0,80.0,0.0,0.0,6,5,1176.0,1973,2000,157000
1325.0,1093.0,3.0,Gd,1173.0,GLQ,138.0,983.0,RFn,1993,2418.0,Gd,10542.0,96.0,651.0,154.0,5,7,1311.0,1993,1994,341000
864.0,0.0,3.0,No,191.0,ALQ,673.0,463.0,Unf,1994,864.0,TA,8120.0,70.0,0.0,0.0,7,4,864.0,1970,1970,124500
848.0,0.0,2.0,No,152.0,BLQ,628.0,539.0,Unf,1962,1208.0,TA,6240.0,52.0,0.0,23.0,5,4,780.0,1925,1950,103000
1616.0,0.0,2.0,No,1180.0,GLQ,415.0,608.0,RFn,1995,1616.0,Gd,5389.0,39.0,0.0,152.0,5,8,1595.0,1995,1996,236500
1153.0,878.0,3.0,Av,252.0,ALQ,901.0,541.0,Fin,1998,2031.0,Gd,11404.0,75.0,202.0,84.0,5,7,1153.0,1998,1999,222500
1144.0,0.0,3.0,No,594.0,BLQ,270.0,264.0,RFn,1961,1144.0,TA,10000.0,80.0,0.0,0.0,6,5,864.0,1961,1983,131400
768.0,664.0,2.0,No,0.0,Unf,264.0,360.0,Unf,1910,1432.0,TA,9600.0,60.0,0.0,0.0,7,5,264.0,1910,2002,132000
1464.0,0.0,3.0,Av,444.0,ALQ,76.0,480.0,RFn,1997,1464.0,TA,12886.0,70.0,0.0,0.0,6,5,520.0,1963,1999,175000
1337.0,0.0,2.0,No,733.0,GLQ,604.0,462.0,RFn,1993,1337.0,Gd,5395.0,41.0,0.0,0.0,5,8,1337.0,1993,1993,180000
1320.0,1320.0,4.0,No,0.0,Unf,1240.0,864.0,Unf,1950,2640.0,Gd,11700.0,65.0,0.0,0.0,7,7,1240.0,1880,2003,265979
1088.0,441.0,4.0,None,0.0,None,0.0,240.0,Unf,1945,1529.0,TA,8405.0,50.0,0.0,0.0,3,4,0.0,1945,1950,98000
1494.0,0.0,3.0,Gd,1200.0,GLQ,279.0,576.0,RFn,1997,1494.0,Gd,9236.0,79.0,0.0,27.0,5,6,1479.0,1997,1997,217000
742.0,729.0,3.0,No,381.0,GLQ,348.0,440.0,Unf,1999,1471.0,TA,3230.0,34.0,894.0,24.0,5,6,729.0,1999,1999,172500
866.0,902.0,3.0,Av,20.0,GLQ,846.0,578.0,RFn,2007,1768.0,Gd,10769.0,68.0,0.0,105.0,5,8,866.0,2007,2007,212000
1328.0,1203.0,4.0,Av,56.0,LwQ,1198.0,752.0,RFn,1995,2531.0,Gd,12257.0,65.0,513.0,98.0,5,8,1318.0,1995,1995,290000
864.0,0.0,2.0,No,612.0,Rec,252.0,300.0,Unf,2008,864.0,TA,9100.0,70.0,0.0,0.0,6,6,864.0,1959,1959,127500
1301.0,0.0,2.0,Mn,405.0,LwQ,740.0,440.0,Unf,1965,1301.0,Fa,6911.0,60.0,0.0,0.0,5,5,1145.0,1924,1950,100000
764.0,783.0,3.0,Mn,24.0,GLQ,732.0,614.0,Unf,2009,1547.0,Gd,8640.0,72.0,0.0,45.0,5,7,756.0,2009,2009,215200
983.0,767.0,4.0,Mn,660.0,ALQ,323.0,423.0,Unf,1989,1750.0,TA,12508.0,75.0,0.0,0.0,7,6,983.0,1940,1985,160000
1836.0,0.0,3.0,No,24.0,GLQ,1836.0,484.0,Fin,2004,1836.0,Gd,9100.0,70.0,0.0,33.0,5,7,1860.0,2004,2005,216837
1690.0,1589.0,4.0,Gd,1416.0,ALQ,234.0,841.0,Fin,2003,3279.0,Ex,53504.0,47.0,603.0,36.0,5,8,1650.0,2003,2003,538000
1220.0,0.0,2.0,No,836.0,LwQ,0.0,396.0,Unf,1951,1220.0,TA,8877.0,67.0,0.0,0.0,5,4,836.0,1951,1951,102000
912.0,0.0,2.0,No,456.0,Rec,456.0,275.0,RFn,1958,912.0,TA,10150.0,70.0,1.0,0.0,5,5,912.0,1958,1958,114500
1973.0,0.0,3.0,Av,0.0,Unf,1935.0,895.0,Fin,2006,1973.0,Gd,14226.0,110.0,375.0,45.0,5,8,1935.0,2006,2006,395000
1614.0,0.0,3.0,Av,20.0,GLQ,1594.0,865.0,RFn,2005,1614.0,Gd,11210.0,86.0,240.0,59.0,5,7,1614.0,2005,2006,221500
894.0,0.0,3.0,No,762.0,ALQ,102.0,440.0,Unf,1974,894.0,TA,13350.0,100.0,0.0,0.0,5,5,864.0,1974,1974,142500
2020.0,0.0,4.0,None,0.0,None,0.0,630.0,Unf,1977,2020.0,TA,8400.0,60.0,320.0,0.0,5,5,0.0,1977,1977,144000
1004.0,0.0,2.0,Gd,975.0,GLQ,0.0,504.0,Unf,1977,1004.0,TA,10530.0,78.0,90.0,0.0,5,6,975.0,1977,1977,135000
1253.0,0.0,3.0,No,0.0,Unf,1237.0,402.0,Fin,1995,1253.0,TA,7875.0,63.0,38.0,21.0,5,7,1237.0,1995,1996,176000
1430.0,0.0,3.0,No,0.0,Unf,1413.0,605.0,RFn,2001,1430.0,Gd,16285.0,67.0,0.0,33.0,5,7,1413.0,2001,2002,187100
966.0,686.0,4.0,No,686.0,LwQ,0.0,416.0,Unf,1961,1652.0,TA,10800.0,60.0,0.0,0.0,6,5,686.0,1915,1950,139000
956.0,1128.0,4.0,No,656.0,GLQ,300.0,618.0,RFn,2004,2084.0,Gd,10142.0,76.0,0.0,45.0,5,7,956.0,2004,2004,233000
901.0,0.0,2.0,No,0.0,Unf,901.0,281.0,Unf,1954,901.0,TA,6000.0,50.0,0.0,0.0,7,4,901.0,1954,2000,107900
1145.0,0.0,2.0,No,16.0,GLQ,1129.0,397.0,Fin,2005,1145.0,Gd,3182.0,43.0,11.0,16.0,5,7,1145.0,2005,2006,160200
888.0,676.0,3.0,No,0.0,Unf,650.0,476.0,Unf,1980,1564.0,TA,8400.0,70.0,130.0,50.0,6,6,650.0,1980,1981,171000
1285.0,0.0,3.0,No,0.0,Unf,660.0,528.0,RFn,1977,1285.0,TA,8197.0,71.0,148.0,0.0,5,6,660.0,1977,1977,143500
1966.0,1174.0,4.0,No,0.0,Unf,1926.0,820.0,Fin,2009,3140.0,Ex,13518.0,104.0,860.0,78.0,5,9,1926.0,2008,2009,485000
981.0,787.0,3.0,No,569.0,ALQ,162.0,240.0,Unf,1939,1768.0,Gd,7200.0,60.0,252.0,0.0,7,5,731.0,1937,1950,175000
616.0,1072.0,4.0,Gd,462.0,GLQ,154.0,603.0,RFn,1997,1688.0,Gd,12798.0,79.0,0.0,114.0,5,6,616.0,1997,1997,200000
1196.0,0.0,2.0,No,197.0,LwQ,999.0,440.0,Unf,1957,1196.0,TA,4800.0,40.0,0.0,0.0,7,4,1196.0,1916,1990,109900
728.0,728.0,3.0,Av,648.0,GLQ,80.0,410.0,Fin,2005,1456.0,Gd,8199.0,63.0,0.0,18.0,5,7,728.0,2005,2005,189000
1128.0,0.0,2.0,No,812.0,LwQ,124.0,286.0,Unf,1954,1128.0,TA,9000.0,75.0,0.0,0.0,5,5,936.0,1954,1954,118000
1086.0,0.0,3.0,Av,516.0,ALQ,380.0,484.0,RFn,1966,1086.0,TA,13400.0,85.0,1047.0,0.0,5,5,1024.0,1966,1966,159950
1075.0,1063.0,2.0,No,0.0,Unf,849.0,360.0,Unf,1910,2138.0,TA,8100.0,90.0,0.0,156.0,5,5,849.0,1898,1965,106000
1309.0,0.0,3.0,No,663.0,ALQ,0.0,484.0,RFn,1974,1309.0,Gd,10140.0,78.0,99.0,0.0,6,6,1040.0,1974,1999,181000
1044.0,0.0,2.0,Av,0.0,Unf,540.0,504.0,Unf,1952,1044.0,Fa,8712.0,66.0,0.0,0.0,5,5,540.0,1952,1952,55993
1442.0,0.0,4.0,No,608.0,Rec,834.0,301.0,RFn,1958,1442.0,TA,9750.0,75.0,243.0,0.0,6,6,1442.0,1958,1958,157900
1661.0,0.0,3.0,No,0.0,Unf,1649.0,598.0,RFn,1998,1661.0,Gd,12137.0,48.0,442.0,34.0,5,7,1649.0,1998,1998,224900
936.0,0.0,2.0,No,0.0,Unf,936.0,576.0,Unf,1974,936.0,TA,6000.0,60.0,0.0,32.0,4,4,936.0,1953,1953,93000
944.0,545.0,3.0,No,0.0,Unf,778.0,240.0,Unf,1940,1489.0,TA,9900.0,60.0,0.0,0.0,7,6,778.0,1940,1950,139500
1489.0,0.0,3.0,No,0.0,Unf,1489.0,776.0,RFn,2006,1489.0,Gd,11216.0,81.0,0.0,140.0,5,8,1489.0,2006,2006,232600
1434.0,0.0,3.0,No,20.0,GLQ,1434.0,527.0,RFn,2001,1434.0,Gd,8529.0,65.0,0.0,39.0,5,7,1454.0,2001,2001,189000
520.0,623.0,2.0,No,0.0,Unf,600.0,480.0,RFn,2005,1223.0,Gd,2544.0,24.0,0.0,166.0,5,7,600.0,2005,2005,147400
1392.0,0.0,3.0,No,1040.0,Rec,352.0,458.0,RFn,1957,1392.0,TA,11900.0,80.0,387.0,0.0,5,6,1392.0,1957,1957,166000
520.0,600.0,2.0,No,0.0,Unf,600.0,480.0,RFn,2005,1200.0,Gd,3180.0,30.0,0.0,166.0,5,7,600.0,2005,2005,151000
941.0,888.0,3.0,No,483.0,GLQ,458.0,613.0,RFn,2003,1829.0,Gd,9548.0,44.0,223.0,39.0,6,7,941.0,2003,2003,237000
1516.0,0.0,3.0,No,196.0,Rec,975.0,472.0,RFn,1964,1516.0,TA,10004.0,100.0,180.0,0.0,6,6,1516.0,1964,1964,167000
1144.0,0.0,3.0,No,572.0,Rec,572.0,456.0,Unf,1961,1144.0,TA,7875.0,75.0,136.0,0.0,6,5,1144.0,1961,1961,139950
1067.0,0.0,2.0,No,442.0,BLQ,625.0,436.0,Unf,1996,1067.0,Gd,9600.0,60.0,0.0,0.0,7,4,1067.0,1950,1995,128000
483.0,504.0,2.0,No,330.0,BLQ,153.0,264.0,Unf,1973,987.0,TA,1680.0,21.0,158.0,0.0,5,6,483.0,1973,1973,100000
1099.0,0.0,3.0,No,0.0,Unf,1099.0,352.0,Unf,1999,1099.0,Gd,9525.0,75.0,0.0,0.0,6,5,1099.0,1995,2006,144000
768.0,432.0,3.0,No,352.0,BLQ,416.0,240.0,Unf,1946,1200.0,TA,11767.0,70.0,0.0,0.0,6,5,768.0,1946,1995,130500
958.0,581.0,3.0,No,0.0,Unf,650.0,686.0,Unf,1983,1539.0,Gd,10440.0,60.0,0.0,78.0,8,5,650.0,1904,2002,157500
1165.0,0.0,3.0,Gd,312.0,Rec,276.0,490.0,RFn,1966,1165.0,TA,9020.0,82.0,183.0,129.0,7,6,1127.0,1966,1966,174900
876.0,540.0,4.0,Mn,0.0,Unf,876.0,720.0,Unf,1949,1416.0,TA,12665.0,100.0,0.0,0.0,8,5,876.0,1915,1950,153900
1094.0,761.0,3.0,No,0.0,Unf,528.0,512.0,RFn,1976,1855.0,TA,9600.0,80.0,360.0,100.0,7,6,528.0,1976,1994,187000
848.0,0.0,1.0,Av,659.0,GLQ,189.0,420.0,Fin,2003,848.0,Gd,4435.0,36.0,170.0,0.0,5,6,848.0,2003,2003,131500
918.0,728.0,4.0,No,364.0,Rec,554.0,240.0,Unf,1941,1646.0,TA,7128.0,53.0,0.0,0.0,5,7,918.0,1941,1950,164000
1779.0,0.0,3.0,Mn,306.0,ALQ,372.0,454.0,Unf,1955,1779.0,TA,17920.0,102.0,0.0,418.0,4,5,1763.0,1955,1974,170000
702.0,779.0,3.0,No,0.0,Unf,702.0,343.0,Fin,1994,1481.0,TA,8125.0,65.0,0.0,36.0,5,6,702.0,1994,1995,174000
1370.0,0.0,3.0,No,0.0,Unf,1090.0,479.0,RFn,1976,1370.0,TA,10400.0,80.0,189.0,0.0,5,7,1090.0,1976,1976,152000
912.0,514.0,3.0,No,0.0,Unf,912.0,216.0,Unf,1925,1426.0,Gd,7642.0,55.0,0.0,240.0,8,7,912.0,1918,1998,189950
1039.0,0.0,3.0,Mn,841.0,BLQ,198.0,504.0,Unf,1965,1039.0,TA,11625.0,75.0,0.0,0.0,4,5,1039.0,1965,1965,131500
1148.0,0.0,3.0,No,1148.0,BLQ,0.0,672.0,Unf,1959,1148.0,TA,7931.0,70.0,0.0,0.0,5,5,1148.0,1959,1959,132500
1120.0,0.0,3.0,No,932.0,ALQ,108.0,544.0,RFn,1961,1120.0,Fa,6970.0,85.0,0.0,0.0,5,4,1040.0,1961,1961,129000
1062.0,887.0,3.0,No,750.0,GLQ,300.0,574.0,Fin,1993,1949.0,Gd,9938.0,80.0,246.0,90.0,5,7,1050.0,1993,1994,236000
804.0,878.0,3.0,No,505.0,GLQ,299.0,523.0,RFn,1998,1682.0,Gd,8750.0,70.0,116.0,77.0,5,6,804.0,1998,1998,200500
910.0,0.0,3.0,Av,0.0,Unf,105.0,414.0,Unf,1953,910.0,Gd,8892.0,74.0,0.0,0.0,7,5,105.0,1953,1996,116000
1036.0,0.0,3.0,No,375.0,Rec,457.0,288.0,Unf,1949,1268.0,TA,12144.0,60.0,0.0,28.0,7,5,832.0,1949,1950,133000
1184.0,1426.0,4.0,Av,64.0,GLQ,1120.0,550.0,Fin,2007,2610.0,Ex,9000.0,75.0,0.0,364.0,5,8,1184.0,2007,2007,303477
1040.0,0.0,3.0,Gd,633.0,ALQ,431.0,648.0,Unf,1963,1040.0,TA,25286.0,94.0,0.0,0.0,5,4,1064.0,1963,1963,132250
1155.0,0.0,3.0,Av,899.0,ALQ,210.0,576.0,Unf,1987,1155.0,Gd,11782.0,88.0,0.0,0.0,7,5,1109.0,1961,1995,148000
1090.0,0.0,2.0,No,980.0,ALQ,110.0,450.0,Fin,2005,1090.0,TA,7024.0,60.0,0.0,49.0,5,5,1090.0,2005,2006,157000
1187.0,530.0,3.0,Mn,902.0,LwQ,254.0,400.0,RFn,1990,1717.0,Gd,13758.0,44.0,117.0,36.0,5,7,1156.0,1990,1991,187500
954.0,795.0,5.0,No,0.0,Unf,795.0,440.0,Unf,1997,2230.0,TA,6204.0,60.0,0.0,188.0,5,4,795.0,1912,1950,118500
892.0,0.0,3.0,No,432.0,BLQ,460.0,288.0,RFn,1967,892.0,TA,7150.0,65.0,60.0,0.0,5,5,892.0,1967,1967,100000
1709.0,0.0,2.0,Av,1238.0,GLQ,460.0,506.0,Fin,1999,1709.0,Gd,5119.0,50.0,60.0,65.0,5,9,1698.0,1999,2000,328900
1712.0,0.0,4.0,No,528.0,LwQ,1098.0,588.0,Fin,2005,1712.0,TA,8393.0,70.0,122.0,54.0,5,5,1626.0,1959,2005,145000
872.0,521.0,3.0,No,0.0,Unf,816.0,300.0,Unf,1955,1393.0,TA,16466.0,59.0,0.0,0.0,7,5,816.0,1955,1955,135500
2217.0,0.0,4.0,Gd,351.0,ALQ,1043.0,621.0,Unf,1970,2217.0,Gd,15865.0,95.0,0.0,207.0,6,8,2217.0,1970,1970,268000
918.0,765.0,3.0,No,226.0,LwQ,192.0,440.0,RFn,1978,1683.0,TA,11184.0,70.0,92.0,0.0,5,6,918.0,1978,1978,172500
1068.0,0.0,3.0,No,663.0,GLQ,396.0,264.0,RFn,1963,1068.0,TA,8414.0,70.0,0.0,0.0,8,6,1059.0,1963,2003,154500
1535.0,0.0,4.0,None,0.0,None,0.0,400.0,Unf,1979,1535.0,TA,7018.0,64.0,0.0,0.0,5,5,0.0,1979,1979,118858
983.0,813.0,4.0,No,400.0,BLQ,380.0,483.0,RFn,1963,1796.0,TA,7056.0,71.0,415.0,50.0,5,6,780.0,1963,1963,140000
951.0,0.0,2.0,No,285.0,ALQ,666.0,327.0,Unf,1936,951.0,TA,8765.0,50.0,0.0,28.0,6,4,951.0,1936,1950,106500
1120.0,1120.0,6.0,None,0.0,None,0.0,528.0,Unf,1979,2240.0,TA,7018.0,64.0,0.0,0.0,5,5,0.0,1979,1979,142953
1236.0,0.0,3.0,No,465.0,BLQ,447.0,288.0,Unf,1961,1236.0,TA,6993.0,65.0,0.0,0.0,7,5,912.0,1961,1994,135000
1306.0,0.0,2.0,Mn,860.0,BLQ,132.0,756.0,Unf,1968,1306.0,TA,8712.0,64.0,0.0,0.0,7,5,992.0,1957,2000,153000
807.0,702.0,3.0,No,0.0,Unf,783.0,393.0,Fin,2003,1509.0,Gd,7875.0,63.0,0.0,75.0,5,7,783.0,2003,2003,180000
1670.0,0.0,3.0,No,0.0,Unf,1670.0,690.0,RFn,2006,1670.0,Gd,14859.0,50.0,27.0,60.0,5,7,1670.0,2006,2006,240000
1063.0,0.0,3.0,No,354.0,Rec,412.0,280.0,RFn,1954,1063.0,TA,9920.0,80.0,110.0,0.0,5,5,1056.0,1954,1954,128000
1636.0,0.0,3.0,No,63.0,GLQ,1560.0,865.0,RFn,2006,1636.0,Gd,13501.0,116.0,208.0,60.0,5,8,1623.0,2006,2006,255000
1020.0,1037.0,3.0,No,223.0,Rec,794.0,180.0,Fin,1936,2057.0,Gd,11500.0,86.0,0.0,0.0,7,7,1017.0,1936,1987,250000
742.0,742.0,3.0,No,0.0,Unf,742.0,390.0,Fin,2005,1484.0,Gd,12589.0,149.0,0.0,24.0,5,6,742.0,2005,2005,174000
1015.0,0.0,3.0,No,489.0,Rec,279.0,450.0,Unf,1925,1015.0,TA,6120.0,51.0,0.0,0.0,7,5,768.0,1925,1950,88000
612.0,612.0,2.0,Av,294.0,GLQ,318.0,528.0,RFn,2009,1224.0,Gd,3000.0,30.0,76.0,234.0,5,6,612.0,2009,2009,173733
546.0,546.0,3.0,No,0.0,Unf,546.0,286.0,Unf,1970,1092.0,TA,2001.0,21.0,80.0,0.0,5,4,546.0,1970,1970,75000
912.0,1215.0,4.0,Mn,48.0,BLQ,422.0,833.0,RFn,1991,2127.0,Gd,13125.0,103.0,0.0,192.0,5,7,1104.0,1991,1991,238000
1414.0,0.0,3.0,No,528.0,ALQ,245.0,601.0,Unf,1990,1414.0,TA,11029.0,87.0,0.0,51.0,8,6,1184.0,1958,2002,176500
1316.0,0.0,3.0,No,28.0,GLQ,1288.0,397.0,Fin,2005,1316.0,Gd,10237.0,65.0,0.0,0.0,5,6,1316.0,2005,2006,169990
1686.0,0.0,3.0,No,625.0,BLQ,0.0,612.0,Unf,1980,1686.0,TA,10240.0,79.0,157.0,131.0,6,6,1686.0,1980,1980,207500
1234.0,1140.0,4.0,No,0.0,Unf,1181.0,656.0,Fin,2003,2374.0,Ex,11999.0,93.0,340.0,100.0,5,8,1181.0,2003,2004,285000
1905.0,0.0,3.0,No,0.0,Unf,1905.0,788.0,Fin,2006,1905.0,Ex,11670.0,84.0,302.0,191.0,5,9,1905.0,2006,2006,320000
1500.0,0.0,3.0,Av,20.0,GLQ,1480.0,570.0,RFn,2004,1500.0,Gd,8487.0,63.0,210.0,36.0,5,7,1500.0,2004,2004,190000
2069.0,0.0,4.0,Gd,425.0,GLQ,160.0,505.0,RFn,1960,2069.0,Gd,27650.0,313.0,0.0,0.0,7,7,585.0,1960,2007,242000
747.0,0.0,1.0,Mn,0.0,Unf,600.0,528.0,Unf,1953,747.0,TA,5825.0,52.0,108.0,0.0,5,4,600.0,1926,1953,79900
1113.0,858.0,3.0,Mn,341.0,GLQ,772.0,689.0,RFn,2005,1971.0,Gd,9675.0,75.0,0.0,48.0,5,7,1113.0,2005,2005,253000
1391.0,571.0,3.0,Mn,464.0,GLQ,927.0,868.0,RFn,2006,1962.0,Gd,8760.0,73.0,0.0,90.0,5,7,1391.0,2006,2006,239799
1728.0,0.0,4.0,Gd,936.0,Rec,396.0,574.0,Unf,1976,1728.0,TA,12640.0,55.0,0.0,0.0,5,6,1728.0,1976,1976,150900
1632.0,0.0,4.0,Av,0.0,Unf,1632.0,576.0,Unf,1967,1632.0,TA,25000.0,100.0,0.0,0.0,4,5,1632.0,1967,1967,143000
1629.0,0.0,3.0,Av,1300.0,GLQ,316.0,808.0,Fin,2002,1629.0,Gd,14536.0,85.0,236.0,252.0,5,8,1616.0,2002,2003,270000
936.0,840.0,3.0,None,0.0,Unf,936.0,474.0,RFn,2002,1776.0,Gd,14006.0,65.0,144.0,96.0,5,7,936.0,2002,2002,192500
864.0,0.0,3.0,No,398.0,ALQ,317.0,720.0,RFn,1980,864.0,Gd,7200.0,60.0,0.0,0.0,8,5,864.0,1950,2002,129000
965.0,0.0,3.0,No,641.0,BLQ,187.0,300.0,Unf,1979,965.0,TA,7800.0,60.0,0.0,0.0,5,5,828.0,1965,1965,119900
979.0,979.0,4.0,No,484.0,Rec,495.0,492.0,Unf,1946,1958.0,TA,7136.0,82.0,423.0,0.0,6,6,979.0,1946,1950,145000
561.0,668.0,2.0,No,285.0,ALQ,276.0,462.0,Fin,1980,1229.0,TA,1300.0,24.0,0.0,0.0,6,6,561.0,1980,1980,124000
1057.0,0.0,3.0,No,417.0,Rec,640.0,576.0,Fin,1977,1057.0,TA,7420.0,70.0,0.0,0.0,5,5,1057.0,1962,1962,132000
1337.0,0.0,3.0,Mn,699.0,GLQ,638.0,531.0,RFn,2003,1337.0,Gd,8450.0,65.0,0.0,39.0,5,7,1337.0,2003,2003,185000
696.0,720.0,3.0,No,604.0,ALQ,92.0,484.0,Unf,1999,1416.0,Gd,2572.0,24.0,0.0,44.0,5,7,696.0,1999,1999,155000
1800.0,0.0,2.0,No,0.0,Unf,1800.0,702.0,Fin,2007,1800.0,Ex,11923.0,122.0,0.0,136.0,5,9,1800.0,2007,2007,239000
976.0,332.0,2.0,No,428.0,Rec,300.0,256.0,Unf,1940,1308.0,TA,9600.0,130.0,0.0,70.0,7,5,728.0,1940,1950,160000
764.0,862.0,2.0,No,567.0,GLQ,197.0,474.0,RFn,2003,1626.0,Gd,2268.0,36.0,106.0,27.0,5,7,764.0,2003,2004,173000
918.0,0.0,2.0,No,0.0,Unf,918.0,264.0,Unf,1979,918.0,TA,7892.0,55.0,0.0,0.0,5,6,918.0,1979,1979,99500
1136.0,883.0,3.0,No,0.0,Unf,728.0,532.0,Unf,1997,2019.0,Gd,11414.0,60.0,0.0,135.0,8,7,728.0,1910,1993,167500
1121.0,0.0,3.0,No,651.0,Rec,470.0,480.0,Unf,1963,1121.0,TA,8816.0,80.0,0.0,80.0,6,5,1121.0,1963,1963,139000
1276.0,1336.0,4.0,No,854.0,GLQ,371.0,676.0,Fin,1998,2612.0,Gd,12203.0,98.0,975.0,0.0,5,8,1225.0,1998,1999,336000
1266.0,0.0,2.0,Av,0.0,Unf,1266.0,388.0,Fin,2007,1266.0,Gd,3182.0,43.0,16.0,16.0,5,7,1266.0,2007,2007,159895
1302.0,432.0,4.0,None,0.0,None,0.0,539.0,Unf,1977,1734.0,Gd,10125.0,75.0,0.0,0.0,5,5,0.0,1977,1977,126000
1164.0,0.0,3.0,No,1040.0,ALQ,124.0,240.0,Unf,1950,1164.0,TA,10880.0,68.0,0.0,48.0,5,5,1164.0,1950,1950,125000
1001.0,634.0,2.0,No,0.0,Unf,485.0,255.0,Unf,1950,1635.0,Gd,5310.0,59.0,0.0,0.0,8,6,485.0,1910,2003,117000
1940.0,0.0,3.0,Av,1646.0,GLQ,284.0,606.0,Fin,2010,1940.0,Ex,10159.0,83.0,450.0,95.0,5,9,1930.0,2009,2010,395192
778.0,798.0,3.0,No,0.0,Unf,770.0,614.0,RFn,2006,1576.0,Gd,8125.0,65.0,0.0,50.0,5,7,770.0,2006,2006,197000
1407.0,985.0,3.0,No,1074.0,GLQ,322.0,870.0,Fin,1997,2392.0,Gd,9452.0,82.0,423.0,70.0,5,8,1396.0,1997,1998,348000
916.0,826.0,4.0,No,216.0,BLQ,700.0,424.0,Unf,1925,1742.0,Gd,17671.0,121.0,0.0,169.0,9,8,916.0,1882,1986,168000
1020.0,831.0,3.0,Gd,536.0,BLQ,169.0,440.0,RFn,1964,1851.0,Gd,9760.0,80.0,340.0,42.0,8,6,822.0,1964,1993,187000
750.0,750.0,3.0,No,0.0,Unf,750.0,564.0,RFn,2005,1500.0,Gd,8846.0,68.0,0.0,35.0,5,6,750.0,2005,2006,173900
774.0,456.0,3.0,No,384.0,ALQ,363.0,305.0,Unf,1946,1230.0,TA,4712.0,51.0,0.0,57.0,7,4,747.0,1946,1950,121600
1077.0,0.0,3.0,No,0.0,Unf,1007.0,210.0,Unf,1922,1077.0,TA,9786.0,60.0,0.0,100.0,4,3,1007.0,1922,1950,91000
1208.0,0.0,2.0,Av,686.0,GLQ,501.0,632.0,RFn,2006,1208.0,Gd,6762.0,64.0,24.0,61.0,5,7,1187.0,2006,2006,206000
944.0,0.0,2.0,None,0.0,None,0.0,528.0,Unf,1956,944.0,Fa,10206.0,74.0,0.0,0.0,3,3,0.0,1952,1952,82000
691.0,0.0,2.0,No,0.0,Unf,691.0,216.0,Unf,1920,691.0,Ex,5400.0,60.0,0.0,20.0,6,5,691.0,1920,1950,86000
1574.0,0.0,3.0,No,24.0,GLQ,1550.0,824.0,RFn,2006,1574.0,Gd,11957.0,75.0,53.0,104.0,5,8,1574.0,2006,2006,232000
1504.0,0.0,1.0,No,16.0,GLQ,1330.0,457.0,Fin,2005,1504.0,Gd,3182.0,43.0,16.0,0.0,5,7,1346.0,2005,2006,181000
985.0,0.0,3.0,Av,595.0,GLQ,390.0,328.0,Unf,1977,985.0,TA,8385.0,65.0,220.0,0.0,8,5,985.0,1977,1977,149900
900.0,602.0,3.0,No,0.0,Unf,602.0,180.0,Unf,1923,1502.0,Gd,10592.0,55.0,0.0,0.0,7,6,602.0,1923,1996,165000
1082.0,0.0,2.0,No,336.0,BLQ,746.0,240.0,Unf,1948,1082.0,TA,11664.0,60.0,206.0,130.0,5,6,1082.0,1948,1950,119200
810.0,855.0,3.0,No,643.0,GLQ,167.0,528.0,Fin,2001,1665.0,Gd,8400.0,70.0,0.0,45.0,6,8,810.0,2001,2001,227000
1504.0,0.0,3.0,Gd,690.0,GLQ,814.0,478.0,Fin,1996,1504.0,Gd,11883.0,73.0,196.0,66.0,5,7,1504.0,1996,1996,203000
1132.0,0.0,2.0,No,1024.0,GLQ,108.0,451.0,Fin,2005,1132.0,Gd,7024.0,60.0,0.0,64.0,5,4,1132.0,2005,2005,176000
1220.0,0.0,2.0,Av,684.0,GLQ,515.0,632.0,RFn,2006,1220.0,Gd,7406.0,64.0,84.0,54.0,5,7,1199.0,2006,2006,194000
912.0,336.0,2.0,No,324.0,LwQ,588.0,160.0,Unf,1957,1248.0,TA,9439.0,52.0,0.0,0.0,5,5,912.0,1930,1950,87000
1504.0,0.0,2.0,No,16.0,GLQ,1330.0,437.0,Fin,2005,1504.0,Gd,3182.0,43.0,14.0,20.0,5,7,1346.0,2005,2006,191000
1264.0,0.0,3.0,No,697.0,Rec,571.0,461.0,Unf,1960,1264.0,TA,9300.0,73.0,324.0,0.0,5,5,1268.0,1960,1960,167500
1646.0,0.0,3.0,Gd,1513.0,GLQ,125.0,800.0,RFn,2008,1646.0,Gd,9520.0,71.0,338.0,44.0,5,8,1638.0,2007,2008,293077
968.0,408.0,3.0,No,368.0,Rec,359.0,240.0,Unf,1941,1376.0,TA,9492.0,79.0,0.0,0.0,5,5,768.0,1941,1950,105000
1687.0,998.0,5.0,No,523.0,GLQ,301.0,672.0,Fin,1970,3082.0,TA,15863.0,102.0,0.0,63.0,3,7,824.0,1920,1970,197000
954.0,0.0,2.0,No,0.0,Unf,920.0,240.0,Unf,1938,954.0,Fa,6305.0,50.0,0.0,0.0,7,5,920.0,1938,1950,119750
1620.0,0.0,2.0,Gd,1022.0,GLQ,598.0,912.0,Fin,2008,1620.0,Ex,12898.0,89.0,70.0,0.0,5,9,1620.0,2007,2008,315500
1803.0,0.0,3.0,No,168.0,Rec,284.0,484.0,RFn,1957,1803.0,TA,13125.0,88.0,67.0,0.0,4,5,1134.0,1957,2000,155000
1532.0,797.0,4.0,No,1085.0,GLQ,390.0,514.0,Unf,1990,2329.0,Gd,11839.0,86.0,99.0,121.0,5,7,1475.0,1990,1990,262280
2524.0,0.0,4.0,No,1104.0,ALQ,1420.0,542.0,Fin,1981,2524.0,Gd,9600.0,80.0,0.0,120.0,5,8,2524.0,1981,1981,278000
1992.0,876.0,4.0,Av,240.0,GLQ,1752.0,716.0,Fin,2005,2868.0,Ex,16056.0,85.0,208.0,108.0,5,9,1992.0,2005,2006,556581
990.0,0.0,3.0,No,686.0,GLQ,304.0,672.0,Unf,1996,990.0,TA,9245.0,57.0,0.0,0.0,5,5,990.0,1994,1995,145000
1771.0,0.0,3.0,None,0.0,None,0.0,336.0,Unf,1960,1771.0,TA,21750.0,100.0,75.0,0.0,4,5,0.0,1960,2006,115000
1302.0,0.0,3.0,Av,0.0,Unf,1302.0,436.0,Fin,2007,1302.0,Gd,8993.0,73.0,0.0,22.0,5,7,1302.0,2007,2007,176485
1127.0,850.0,4.0,No,442.0,Rec,374.0,540.0,RFn,1964,1977.0,TA,9500.0,100.0,272.0,52.0,6,6,816.0,1964,1978,165000
1091.0,898.0,3.0,Mn,932.0,GLQ,133.0,586.0,Fin,2002,1989.0,Gd,11367.0,90.0,210.0,60.0,5,8,1065.0,2002,2002,255000
1364.0,0.0,2.0,Av,659.0,GLQ,705.0,484.0,RFn,2005,1364.0,Gd,7052.0,43.0,240.0,36.0,5,7,1364.0,2005,2005,185850
1130.0,1054.0,3.0,Av,936.0,GLQ,168.0,836.0,Fin,2008,2184.0,Ex,11308.0,96.0,154.0,102.0,5,9,1104.0,2008,2008,335000
1338.0,0.0,2.0,Mn,616.0,GLQ,722.0,582.0,Fin,2001,1338.0,Gd,4920.0,41.0,0.0,0.0,5,8,1338.0,2001,2001,213500
894.0,0.0,2.0,No,0.0,Unf,894.0,1248.0,RFn,1994,894.0,TA,18000.0,120.0,0.0,20.0,4,3,894.0,1935,1950,81000
1422.0,915.0,5.0,No,0.0,Unf,662.0,560.0,Unf,1945,2337.0,TA,13600.0,85.0,0.0,57.0,5,5,662.0,1900,1950,90000
799.0,772.0,3.0,No,0.0,Unf,799.0,380.0,RFn,1993,1571.0,TA,7837.0,59.0,0.0,40.0,7,6,799.0,1993,1994,178000
798.0,813.0,4.0,Gd,674.0,GLQ,0.0,442.0,RFn,1964,1611.0,TA,9760.0,80.0,360.0,128.0,6,6,780.0,1964,1964,167900
893.0,0.0,2.0,No,220.0,ALQ,625.0,576.0,Unf,1985,893.0,Gd,9600.0,60.0,0.0,0.0,7,5,845.0,1949,2003,135000
1048.0,0.0,3.0,No,586.0,BLQ,462.0,286.0,Unf,1956,1048.0,TA,10152.0,72.0,120.0,20.0,5,5,1048.0,1956,1956,135000
1002.0,454.0,4.0,Mn,0.0,Unf,810.0,280.0,Unf,1954,1456.0,TA,7585.0,50.0,0.0,0.0,3,5,810.0,1948,1950,91500
698.0,728.0,3.0,No,535.0,BLQ,155.0,440.0,Fin,1977,1426.0,TA,7950.0,75.0,140.0,0.0,6,6,690.0,1977,1977,159500
1240.0,0.0,2.0,Av,0.0,Unf,1240.0,826.0,RFn,2006,1240.0,Gd,8556.0,74.0,0.0,93.0,5,7,1240.0,2006,2006,194000
960.0,780.0,3.0,No,410.0,BLQ,390.0,240.0,Unf,1940,1740.0,TA,13125.0,75.0,0.0,0.0,6,7,800.0,1940,1984,219500
990.0,0.0,3.0,No,495.0,GLQ,495.0,299.0,Unf,1996,990.0,TA,8775.0,65.0,0.0,64.0,5,5,990.0,1994,1994,126000
1040.0,0.0,3.0,No,824.0,ALQ,216.0,308.0,Fin,1963,1040.0,TA,7500.0,75.0,0.0,0.0,5,5,1040.0,1963,1963,133000
996.0,0.0,2.0,Av,747.0,GLQ,189.0,564.0,Unf,1992,996.0,Gd,9069.0,73.0,0.0,0.0,6,6,936.0,1992,1992,147000
1082.0,871.0,3.0,Mn,0.0,Unf,1082.0,1043.0,RFn,2005,1953.0,Gd,10574.0,85.0,0.0,50.0,5,8,1082.0,2005,2006,252000
970.0,739.0,3.0,No,0.0,Unf,970.0,380.0,Unf,2004,1709.0,Gd,2522.0,24.0,50.0,40.0,5,7,970.0,2004,2004,137500
1247.0,0.0,1.0,No,1039.0,GLQ,208.0,550.0,Fin,2005,1247.0,Gd,3316.0,37.0,0.0,84.0,5,8,1247.0,2005,2005,197000
1040.0,0.0,2.0,None,0.0,None,0.0,400.0,Unf,1987,1040.0,TA,8544.0,60.0,0.0,0.0,4,3,0.0,1950,1950,92900
1390.0,304.0,4.0,No,423.0,Rec,758.0,576.0,Unf,1925,1694.0,TA,8400.0,60.0,0.0,0.0,5,6,1181.0,1925,1950,136500
1200.0,0.0,1.0,Mn,661.0,GLQ,203.0,884.0,Unf,1977,1200.0,Gd,9230.0,71.0,166.0,64.0,8,5,864.0,1965,1998,146000
936.0,0.0,2.0,No,248.0,BLQ,448.0,308.0,Fin,1956,936.0,TA,5868.0,74.0,0.0,0.0,7,5,936.0,1956,2000,129000
1314.0,0.0,3.0,No,24.0,GLQ,1290.0,440.0,RFn,2006,1314.0,Gd,9317.0,78.0,0.0,22.0,5,6,1314.0,2006,2006,176432
757.0,567.0,3.0,No,672.0,BLQ,0.0,240.0,Unf,1936,1324.0,TA,6000.0,50.0,0.0,0.0,6,4,672.0,1936,1950,128000
438.0,0.0,1.0,No,290.0,Rec,0.0,246.0,Unf,1930,438.0,Fa,8400.0,60.0,0.0,0.0,5,2,290.0,1920,1950,60000
1194.0,0.0,3.0,Mn,655.0,ALQ,0.0,539.0,Fin,1954,1194.0,TA,8910.0,79.0,0.0,0.0,6,6,655.0,1959,1959,159500
630.0,672.0,3.0,No,0.0,Unf,630.0,440.0,Unf,1970,1302.0,TA,2016.0,24.0,304.0,0.0,5,5,630.0,1970,1970,106000
1442.0,0.0,3.0,Mn,738.0,GLQ,172.0,719.0,Fin,1990,1442.0,Gd,10357.0,114.0,0.0,244.0,5,7,910.0,1990,1991,179900
887.0,1134.0,3.0,No,0.0,Unf,868.0,422.0,RFn,2006,2021.0,Gd,23257.0,168.0,0.0,100.0,5,7,868.0,2006,2006,274725
1836.0,0.0,3.0,Mn,1039.0,GLQ,797.0,862.0,Fin,2004,1836.0,Gd,11362.0,107.0,42.0,185.0,5,8,1836.0,2004,2005,280000
816.0,0.0,2.0,No,708.0,GLQ,108.0,308.0,Unf,1957,816.0,TA,7100.0,73.0,0.0,0.0,7,5,816.0,1957,1957,129900
1008.0,0.0,2.0,No,643.0,BLQ,365.0,240.0,Unf,1953,1008.0,Gd,8923.0,66.0,0.0,18.0,7,5,1008.0,1953,2006,134500
833.0,0.0,2.0,No,415.0,Rec,418.0,326.0,Unf,1955,833.0,Gd,5400.0,90.0,0.0,0.0,7,5,833.0,1954,2000,117000
894.0,0.0,3.0,No,702.0,BLQ,192.0,450.0,RFn,1967,894.0,Gd,9764.0,57.0,0.0,0.0,7,5,894.0,1967,2003,130000
1012.0,0.0,2.0,No,0.0,Unf,1012.0,308.0,Unf,1920,1012.0,TA,8263.0,59.0,0.0,22.0,5,6,1012.0,1920,1950,118400
1005.0,0.0,2.0,No,0.0,Unf,1005.0,672.0,Unf,1977,1005.0,Fa,10434.0,60.0,0.0,0.0,5,4,1005.0,1955,1955,115000
1555.0,0.0,2.0,No,0.0,Unf,1373.0,660.0,Fin,2007,1555.0,Gd,3684.0,53.0,130.0,20.0,5,7,1373.0,2007,2007,174000
1530.0,0.0,3.0,Av,1300.0,GLQ,230.0,630.0,Fin,2004,1530.0,Gd,14572.0,182.0,0.0,36.0,5,7,1530.0,2004,2004,259000
847.0,1112.0,4.0,Av,0.0,Unf,847.0,434.0,Fin,2004,1959.0,Gd,11796.0,59.0,0.0,48.0,5,7,847.0,2004,2005,215000
936.0,0.0,2.0,Gd,936.0,GLQ,0.0,672.0,Unf,1980,936.0,TA,7200.0,60.0,180.0,0.0,5,5,936.0,1980,1980,140000
1328.0,653.0,4.0,No,622.0,BLQ,500.0,576.0,Unf,1981,1981.0,Gd,7804.0,65.0,0.0,44.0,3,4,1122.0,1928,1950,135000
1178.0,1032.0,5.0,Mn,0.0,Unf,1008.0,205.0,Unf,1930,2210.0,Fa,9900.0,90.0,0.0,48.0,4,6,1008.0,1880,1950,117500
1142.0,878.0,3.0,No,584.0,GLQ,544.0,466.0,RFn,1995,2020.0,Gd,9828.0,80.0,0.0,155.0,5,8,1128.0,1995,1995,239500
916.0,684.0,3.0,Av,0.0,Unf,916.0,460.0,Fin,1997,1600.0,TA,8773.0,57.0,0.0,38.0,5,6,916.0,1997,1997,169000
986.0,0.0,2.0,No,0.0,Unf,960.0,180.0,Unf,1926,986.0,TA,6180.0,60.0,0.0,128.0,5,6,960.0,1926,1950,102000
1032.0,220.0,3.0,No,280.0,BLQ,752.0,288.0,Unf,1950,1252.0,TA,9600.0,80.0,0.0,0.0,5,6,1032.0,1950,1950,119000
1167.0,0.0,3.0,No,645.0,BLQ,270.0,495.0,Unf,1972,1167.0,TA,8731.0,98.0,0.0,0.0,5,5,915.0,1920,1950,144000
952.0,0.0,2.0,Mn,852.0,ALQ,100.0,840.0,Unf,1988,952.0,TA,7350.0,60.0,0.0,0.0,7,5,952.0,1951,1951,139000
1466.0,1362.0,4.0,Gd,1150.0,GLQ,316.0,1052.0,RFn,2006,2828.0,Gd,9965.0,77.0,340.0,144.0,5,8,1466.0,2006,2007,424870
672.0,252.0,2.0,No,348.0,BLQ,324.0,280.0,Unf,1941,924.0,Fa,12180.0,60.0,0.0,0.0,4,4,672.0,1941,1950,80000
1042.0,534.0,3.0,No,0.0,Unf,1042.0,225.0,Unf,1928,1576.0,TA,6240.0,52.0,0.0,0.0,6,5,1042.0,1928,1950,149000
860.0,704.0,3.0,No,275.0,Rec,429.0,234.0,Unf,1941,1564.0,Fa,12000.0,75.0,0.0,0.0,7,7,704.0,1941,1950,174500
832.0,650.0,3.0,No,624.0,ALQ,26.0,324.0,Unf,1930,1482.0,TA,9000.0,50.0,0.0,0.0,9,7,650.0,1920,1988,143000
932.0,0.0,2.0,No,0.0,Unf,932.0,306.0,Unf,1950,932.0,Gd,8280.0,57.0,0.0,0.0,5,6,932.0,1950,1950,124000
1437.0,0.0,3.0,Gd,1157.0,ALQ,280.0,528.0,RFn,1976,1437.0,Gd,10768.0,90.0,0.0,21.0,8,5,1437.0,1976,2004,218000
1265.0,0.0,3.0,Gd,633.0,ALQ,586.0,502.0,RFn,1965,1265.0,Gd,9350.0,85.0,0.0,92.0,8,5,1219.0,1965,1999,179900
1580.0,0.0,3.0,No,0.0,Unf,1580.0,830.0,RFn,2008,1580.0,Gd,11932.0,92.0,186.0,24.0,5,8,1580.0,2007,2008,235128
943.0,933.0,4.0,No,442.0,ALQ,459.0,540.0,RFn,1974,1876.0,Gd,9120.0,76.0,270.0,69.0,6,6,901.0,1974,1974,185000
1502.0,0.0,3.0,No,0.0,Unf,1502.0,644.0,RFn,2009,1502.0,Gd,9541.0,79.0,268.0,114.0,5,7,1502.0,2009,2009,233170
959.0,712.0,3.0,No,786.0,GLQ,173.0,472.0,Fin,2000,1671.0,TA,10852.0,58.0,0.0,38.0,5,6,959.0,2000,2000,173000
1236.0,872.0,4.0,No,626.0,Rec,501.0,540.0,Unf,1935,2108.0,Gd,13728.0,120.0,0.0,0.0,7,6,1127.0,1935,1986,235000
1831.0,1796.0,4.0,Gd,1387.0,GLQ,543.0,807.0,Fin,1995,3627.0,Gd,35760.0,118.0,1378.0,76.0,5,10,1930.0,1995,1996,625000
1118.0,0.0,3.0,Av,522.0,ALQ,574.0,358.0,Fin,1977,1118.0,TA,9880.0,76.0,0.0,0.0,6,6,1096.0,1977,1977,171000
1261.0,0.0,3.0,No,662.0,ALQ,599.0,433.0,RFn,1958,1261.0,TA,9120.0,76.0,0.0,0.0,6,6,1261.0,1958,1958,163000
625.0,625.0,2.0,No,0.0,Unf,625.0,625.0,Fin,2006,1250.0,Gd,4017.0,35.0,0.0,54.0,5,7,625.0,2006,2007,171900
1170.0,1175.0,4.0,No,503.0,Rec,449.0,360.0,Unf,1932,2345.0,TA,16560.0,80.0,0.0,0.0,8,6,952.0,1932,1950,239000
2129.0,743.0,4.0,No,700.0,GLQ,983.0,541.0,Fin,1992,2872.0,Gd,10678.0,85.0,337.0,33.0,5,8,1683.0,1992,2000,285000
923.0,0.0,3.0,No,658.0,ALQ,218.0,264.0,Unf,1984,923.0,TA,6951.0,37.0,0.0,0.0,5,5,876.0,1984,1985,119500
820.0,523.0,3.0,No,0.0,Unf,731.0,186.0,Unf,1921,1343.0,TA,7681.0,54.0,0.0,0.0,6,5,731.0,1921,1950,154900
2411.0,2065.0,4.0,Av,2096.0,GLQ,300.0,813.0,Fin,1996,4476.0,Ex,15623.0,160.0,0.0,78.0,5,10,2396.0,1996,1996,745000
1572.0,0.0,3.0,Gd,1159.0,Rec,413.0,995.0,RFn,1963,1572.0,TA,35133.0,50.0,226.0,263.0,4,5,1572.0,1963,1963,186700
949.0,272.0,4.0,No,392.0,BLQ,392.0,392.0,Unf,1965,1221.0,TA,9738.0,60.0,0.0,0.0,7,5,784.0,1924,1950,104900
1014.0,685.0,3.0,Mn,440.0,BLQ,538.0,420.0,Unf,1920,1699.0,TA,10615.0,107.0,0.0,74.0,5,3,978.0,1900,1970,95000
1624.0,0.0,2.0,No,1456.0,GLQ,168.0,757.0,RFn,1994,1624.0,Gd,12461.0,89.0,0.0,114.0,5,8,1624.0,1994,1995,262000
831.0,829.0,3.0,No,0.0,Unf,831.0,493.0,RFn,2002,1660.0,Gd,8935.0,68.0,95.0,68.0,5,7,831.0,2002,2002,195000
1028.0,776.0,3.0,No,0.0,Unf,994.0,442.0,Fin,1999,1804.0,Gd,7500.0,60.0,0.0,60.0,5,7,994.0,1999,1999,189000
764.0,677.0,2.0,No,0.0,Unf,776.0,492.0,Unf,1999,1441.0,Gd,2645.0,24.0,456.0,0.0,5,8,776.0,1999,2000,174000
842.0,630.0,3.0,Mn,0.0,Unf,702.0,250.0,Unf,1925,1472.0,Gd,9600.0,60.0,0.0,0.0,8,5,702.0,1925,1994,125000
663.0,689.0,4.0,No,371.0,ALQ,292.0,299.0,Fin,1969,1352.0,TA,9364.0,80.0,143.0,36.0,7,6,663.0,1969,1969,158000
879.0,984.0,4.0,Av,0.0,Unf,879.0,660.0,Fin,2006,1863.0,Gd,14054.0,58.0,0.0,17.0,5,7,879.0,2006,2006,219210
1212.0,0.0,3.0,No,0.0,Unf,1212.0,573.0,RFn,2001,1212.0,Gd,9100.0,70.0,0.0,0.0,5,7,1212.0,2001,2001,178000
1074.0,0.0,3.0,No,788.0,ALQ,268.0,495.0,RFn,1975,1074.0,TA,10140.0,78.0,0.0,88.0,6,5,1056.0,1975,1975,153500
1700.0,0.0,3.0,Av,340.0,GLQ,1342.0,544.0,RFn,2003,1700.0,Gd,9135.0,70.0,120.0,23.0,5,6,1682.0,2003,2003,200000
1283.0,0.0,3.0,No,504.0,Rec,319.0,506.0,Unf,1980,1283.0,TA,7763.0,70.0,0.0,0.0,7,5,931.0,1962,1980,140000
1660.0,0.0,3.0,Mn,1220.0,GLQ,440.0,500.0,RFn,2006,1660.0,Gd,10182.0,85.0,420.0,50.0,5,8,1660.0,2006,2006,290000
1080.0,672.0,4.0,Av,427.0,GLQ,132.0,492.0,RFn,1988,1752.0,TA,12134.0,152.0,0.0,12.0,7,8,559.0,1988,2005,164000
672.0,0.0,2.0,No,344.0,Rec,328.0,234.0,Unf,1941,672.0,TA,9340.0,50.0,0.0,113.0,6,4,672.0,1941,1950,113000
999.0,0.0,3.0,Av,784.0,BLQ,141.0,300.0,Unf,1962,999.0,TA,10205.0,69.0,0.0,72.0,5,5,925.0,1962,1962,134500
1318.0,584.0,4.0,None,0.0,None,0.0,539.0,Unf,1978,1902.0,TA,8930.0,68.0,0.0,0.0,5,6,0.0,1978,1978,112000
1314.0,0.0,3.0,Mn,936.0,GLQ,364.0,552.0,RFn,2009,1314.0,Gd,8640.0,72.0,72.0,112.0,5,8,1300.0,2009,2009,229456
912.0,0.0,2.0,No,312.0,Rec,0.0,288.0,Unf,1964,912.0,TA,7800.0,66.0,0.0,0.0,5,5,912.0,1964,1964,115000
1168.0,678.0,3.0,Mn,196.0,Rec,844.0,315.0,Unf,1949,1846.0,TA,10496.0,78.0,320.0,0.0,6,6,1040.0,1949,1950,143000
2136.0,0.0,4.0,No,756.0,LwQ,1380.0,528.0,Unf,1951,2136.0,TA,10680.0,89.0,44.0,30.0,3,5,2136.0,1951,1951,137900
788.0,702.0,3.0,Av,724.0,GLQ,64.0,388.0,Fin,2004,1490.0,Gd,15384.0,60.0,0.0,75.0,5,7,788.0,2004,2005,184000
894.0,1039.0,4.0,Mn,0.0,Unf,894.0,668.0,Fin,2007,1933.0,Gd,14598.0,86.0,74.0,18.0,5,6,894.0,2007,2007,214000
912.0,0.0,2.0,No,595.0,ALQ,317.0,576.0,Unf,1992,912.0,Gd,8872.0,72.0,300.0,240.0,8,5,912.0,1965,2008,147000
1702.0,0.0,1.0,No,1540.0,GLQ,162.0,1052.0,Fin,2008,1702.0,Ex,8769.0,65.0,766.0,72.0,5,9,1702.0,2008,2008,367294
1507.0,0.0,4.0,No,666.0,ALQ,409.0,404.0,Unf,1960,1507.0,TA,7910.0,70.0,0.0,0.0,5,5,1075.0,1960,1960,127000
1224.0,0.0,2.0,None,0.0,None,0.0,462.0,Unf,1962,1224.0,TA,9842.0,70.0,0.0,0.0,5,4,0.0,1962,1962,101800
892.0,892.0,4.0,Mn,0.0,Unf,747.0,180.0,Unf,1914,1784.0,TA,13132.0,96.0,0.0,40.0,5,5,747.0,1914,1950,138887
764.0,862.0,2.0,No,0.0,Unf,764.0,474.0,RFn,2003,1626.0,Gd,2628.0,36.0,106.0,27.0,5,7,764.0,2003,2003,175500
1141.0,0.0,3.0,No,0.0,Unf,1141.0,484.0,Unf,2005,1141.0,TA,13072.0,63.0,0.0,0.0,5,6,1141.0,2005,2005,142500
1689.0,0.0,3.0,Av,0.0,Unf,1689.0,954.0,RFn,2007,1689.0,Gd,9849.0,83.0,0.0,56.0,6,7,1689.0,2007,2007,248328
1173.0,0.0,3.0,Gd,885.0,GLQ,0.0,528.0,RFn,1974,1173.0,Gd,10625.0,85.0,81.0,120.0,6,7,1053.0,1974,1974,170000
1140.0,728.0,3.0,No,0.0,Unf,585.0,477.0,Fin,1984,1868.0,TA,12090.0,78.0,74.0,112.0,7,6,585.0,1984,2003,178000
756.0,797.0,3.0,No,0.0,Unf,756.0,615.0,RFn,2005,1553.0,Gd,8125.0,65.0,0.0,45.0,5,7,756.0,2005,2006,186500
1134.0,924.0,3.0,No,319.0,Rec,416.0,396.0,Unf,1950,2058.0,TA,9600.0,60.0,0.0,0.0,5,6,735.0,1917,1950,129500
988.0,0.0,3.0,No,534.0,BLQ,246.0,276.0,Unf,1950,988.0,TA,7200.0,60.0,0.0,80.0,7,5,876.0,1950,1950,119000
2110.0,0.0,3.0,No,1065.0,ALQ,1045.0,522.0,Fin,1968,2110.0,Ex,11160.0,93.0,0.0,0.0,5,7,2110.0,1968,1968,244000
760.0,896.0,3.0,No,0.0,Unf,746.0,397.0,Fin,2003,1656.0,Gd,6931.0,60.0,92.0,128.0,5,7,746.0,2003,2004,165400
1987.0,0.0,2.0,Gd,1314.0,GLQ,672.0,691.0,Fin,1994,1987.0,Gd,14303.0,91.0,554.0,36.0,5,8,1986.0,1994,1994,301500
1166.0,0.0,2.0,Gd,655.0,GLQ,201.0,400.0,Fin,2005,1166.0,Gd,9587.0,59.0,182.0,0.0,5,7,856.0,2005,2005,190000
1054.0,0.0,3.0,No,602.0,ALQ,14.0,460.0,Unf,1969,1054.0,TA,9750.0,65.0,0.0,0.0,8,6,1054.0,1969,1969,151000
1050.0,0.0,2.0,No,504.0,Rec,546.0,338.0,Unf,1956,1050.0,TA,9600.0,80.0,0.0,0.0,6,5,1050.0,1956,1956,128900
1337.0,0.0,2.0,No,266.0,GLQ,1139.0,511.0,Fin,1998,1337.0,Gd,4060.0,34.0,0.0,68.0,5,6,1405.0,1998,1999,181000
713.0,739.0,3.0,No,450.0,GLQ,241.0,506.0,Unf,1999,1452.0,Gd,3735.0,35.0,218.0,34.0,5,7,691.0,1999,1999,183900
964.0,925.0,4.0,No,0.0,Unf,925.0,308.0,Unf,1960,1889.0,TA,10120.0,60.0,0.0,0.0,4,7,925.0,1910,1950,122000
2018.0,0.0,3.0,Gd,0.0,Unf,2002.0,746.0,Fin,2009,2018.0,Ex,13214.0,89.0,0.0,76.0,5,9,2002.0,2008,2009,378500
874.0,650.0,3.0,No,460.0,BLQ,414.0,315.0,Unf,1958,1524.0,TA,11344.0,78.0,180.0,0.0,5,5,874.0,1958,1958,144000
1357.0,0.0,2.0,Av,719.0,ALQ,300.0,312.0,RFn,1959,1357.0,Ex,11512.0,124.0,84.0,0.0,7,6,1019.0,1959,2006,177000
661.0,589.0,3.0,No,0.0,Unf,661.0,552.0,Unf,1985,1250.0,TA,5362.0,53.0,0.0,0.0,6,5,661.0,1910,2003,139000
698.0,430.0,2.0,No,0.0,Unf,698.0,528.0,RFn,1980,1128.0,TA,7500.0,60.0,0.0,0.0,4,4,698.0,1920,1950,68400
1573.0,0.0,3.0,No,788.0,GLQ,785.0,544.0,RFn,2002,1573.0,Gd,9808.0,67.0,110.0,72.0,5,7,1573.0,2002,2002,227000
1040.0,0.0,3.0,Mn,532.0,LwQ,364.0,484.0,Unf,1977,1040.0,Gd,8800.0,61.0,0.0,0.0,7,5,1040.0,1977,2008,150500
1699.0,748.0,4.0,No,0.0,Unf,804.0,336.0,Unf,1969,2447.0,Gd,9638.0,50.0,0.0,0.0,7,6,804.0,1919,1990,169000
825.0,587.0,4.0,No,0.0,Unf,780.0,280.0,Unf,1939,1412.0,TA,6000.0,50.0,0.0,0.0,6,6,780.0,1939,1950,132500
1659.0,0.0,2.0,No,1158.0,GLQ,343.0,499.0,Fin,2000,1659.0,Ex,5664.0,40.0,0.0,59.0,5,8,1501.0,2000,2000,278000
1120.0,850.0,3.0,Mn,0.0,Unf,1085.0,753.0,Fin,2006,1970.0,Ex,11065.0,86.0,788.0,74.0,5,8,1085.0,2006,2006,281000
630.0,672.0,3.0,No,231.0,ALQ,399.0,264.0,Unf,1972,1302.0,TA,1680.0,21.0,268.0,0.0,7,5,630.0,1972,1972,119500
1378.0,994.0,4.0,No,0.0,Unf,994.0,432.0,RFn,1985,2372.0,TA,6600.0,60.0,0.0,287.0,4,5,994.0,1892,1965,107500
832.0,832.0,4.0,No,194.0,GLQ,638.0,528.0,RFn,1976,1664.0,TA,10140.0,78.0,0.0,28.0,5,7,832.0,1976,1976,162900
864.0,0.0,2.0,No,167.0,Rec,697.0,572.0,Unf,1957,864.0,TA,8172.0,60.0,0.0,0.0,7,5,864.0,1955,1990,115000
1128.0,0.0,3.0,Mn,776.0,ALQ,344.0,525.0,RFn,1963,1128.0,TA,8700.0,80.0,148.0,20.0,6,5,1120.0,1963,1963,155000
1072.0,0.0,2.0,Gd,547.0,GLQ,0.0,525.0,Fin,2005,1072.0,TA,3675.0,35.0,82.0,44.0,5,6,547.0,2005,2006,140000
4692.0,950.0,3.0,Gd,5644.0,GLQ,466.0,1418.0,Fin,2008,5642.0,Ex,63887.0,313.0,796.0,292.0,5,10,6110.0,2008,2008,160000
1246.0,0.0,3.0,No,340.0,LwQ,0.0,305.0,RFn,1959,1246.0,Gd,7500.0,75.0,0.0,0.0,7,5,1246.0,1959,1994,154000
1616.0,0.0,3.0,Av,0.0,Unf,1616.0,834.0,RFn,2005,1616.0,Gd,8688.0,73.0,228.0,59.0,5,7,1616.0,2005,2005,232000
1652.0,0.0,2.0,No,1572.0,GLQ,80.0,840.0,Fin,2006,1652.0,Ex,13173.0,108.0,300.0,102.0,5,9,1652.0,2006,2007,325000
1368.0,0.0,2.0,No,0.0,Unf,1368.0,474.0,RFn,2005,1368.0,Gd,6955.0,48.0,94.0,35.0,5,7,1368.0,2005,2006,202500
990.0,0.0,3.0,No,746.0,ALQ,244.0,480.0,Unf,2000,990.0,TA,8072.0,60.0,0.0,64.0,5,5,990.0,1994,1995,138000
1902.0,0.0,3.0,Av,1406.0,GLQ,496.0,567.0,Fin,1959,1902.0,Ex,17500.0,100.0,0.0,207.0,8,7,1902.0,1959,2002,335000
1422.0,1177.0,4.0,No,0.0,Unf,1393.0,779.0,Fin,1999,2599.0,Gd,14774.0,108.0,165.0,30.0,5,9,1393.0,1999,1999,333168
1092.0,1020.0,4.0,Mn,500.0,ALQ,176.0,576.0,Unf,1969,2112.0,TA,11075.0,85.0,0.0,0.0,5,6,952.0,1969,1969,206900
1630.0,0.0,3.0,Gd,0.0,Unf,1622.0,860.0,RFn,2008,1630.0,Ex,10226.0,61.0,270.0,42.0,5,8,1622.0,2008,2008,295493
948.0,0.0,3.0,No,492.0,ALQ,372.0,248.0,Unf,1954,948.0,TA,10215.0,75.0,132.0,0.0,5,4,864.0,1954,1954,111000
1478.0,0.0,3.0,No,189.0,ALQ,628.0,442.0,RFn,1957,1478.0,TA,8400.0,70.0,0.0,0.0,3,6,1478.0,1957,1957,156500
1061.0,862.0,3.0,No,674.0,GLQ,76.0,564.0,RFn,1992,1923.0,Gd,10186.0,107.0,0.0,39.0,5,7,750.0,1992,1992,190000
1795.0,0.0,2.0,Av,0.0,Unf,1795.0,895.0,RFn,2007,1795.0,Gd,9986.0,75.0,428.0,49.0,5,8,1795.0,2006,2007,147000
816.0,0.0,3.0,No,641.0,ALQ,175.0,264.0,Unf,1982,816.0,Gd,6600.0,60.0,0.0,0.0,9,5,816.0,1982,2008,130500
954.0,0.0,3.0,Av,483.0,ALQ,428.0,576.0,Unf,1976,954.0,TA,10780.0,55.0,0.0,0.0,5,5,911.0,1976,1976,132500
816.0,0.0,2.0,Mn,690.0,ALQ,126.0,288.0,Unf,1958,816.0,TA,8877.0,67.0,0.0,0.0,6,4,816.0,1938,1958,100000
765.0,600.0,3.0,No,765.0,LwQ,0.0,440.0,Unf,1970,1365.0,TA,2368.0,24.0,312.0,36.0,6,5,765.0,1970,1970,125000
1334.0,0.0,2.0,No,686.0,ALQ,664.0,630.0,RFn,1977,1334.0,TA,9650.0,80.0,360.0,16.0,5,6,1350.0,1977,1977,167900
1656.0,0.0,4.0,No,0.0,Unf,1656.0,506.0,Unf,1973,1656.0,TA,9246.0,87.0,564.0,211.0,5,5,1656.0,1973,1973,135000
920.0,941.0,3.0,No,700.0,GLQ,216.0,492.0,RFn,2002,1861.0,Gd,13450.0,95.0,0.0,91.0,5,7,916.0,2002,2002,200000
864.0,0.0,3.0,Mn,360.0,Rec,504.0,288.0,RFn,1972,864.0,TA,9560.0,120.0,0.0,0.0,7,5,864.0,1972,1972,128500
872.0,0.0,3.0,No,0.0,Unf,858.0,480.0,Unf,1974,872.0,TA,8294.0,70.0,0.0,0.0,5,4,858.0,1971,1971,123000
728.0,728.0,3.0,No,0.0,Unf,728.0,440.0,Fin,2006,1456.0,Gd,11103.0,85.0,0.0,0.0,5,7,728.0,2006,2006,155835
960.0,0.0,2.0,No,250.0,ALQ,710.0,308.0,Unf,1997,960.0,Fa,6000.0,50.0,0.0,0.0,4,4,960.0,1920,1950,108500
1776.0,0.0,3.0,Gd,80.0,GLQ,1652.0,712.0,Fin,2006,1776.0,Gd,15306.0,93.0,100.0,0.0,5,8,1732.0,2006,2007,283463
858.0,858.0,4.0,No,319.0,Rec,539.0,490.0,Fin,1962,1716.0,TA,9247.0,70.0,318.0,84.0,6,6,858.0,1962,1962,171000
786.0,390.0,2.0,No,0.0,Unf,698.0,624.0,Unf,1999,1176.0,TA,6000.0,50.0,0.0,0.0,9,6,698.0,1937,2000,134900
1222.0,698.0,4.0,No,0.0,Unf,570.0,487.0,RFn,1968,1920.0,Gd,10192.0,102.0,143.0,98.0,6,7,570.0,1968,1992,170000
1980.0,0.0,3.0,Av,1447.0,GLQ,533.0,770.0,Fin,2004,1980.0,Ex,16737.0,129.0,66.0,45.0,5,9,1980.0,2004,2005,315000
990.0,1611.0,4.0,No,0.0,Unf,612.0,621.0,RFn,1998,2601.0,TA,9842.0,51.0,0.0,0.0,6,5,612.0,1921,1998,189000
616.0,796.0,3.0,No,0.0,Unf,616.0,432.0,Fin,2007,1412.0,Gd,8499.0,73.0,0.0,36.0,5,6,616.0,2006,2007,156932
520.0,600.0,2.0,No,0.0,Unf,600.0,480.0,RFn,2005,1200.0,Gd,3180.0,30.0,0.0,166.0,5,7,600.0,2005,2005,144152
882.0,908.0,3.0,No,633.0,GLQ,240.0,588.0,RFn,1999,1790.0,Gd,9179.0,68.0,158.0,88.0,5,7,873.0,1999,1999,193000
925.0,550.0,4.0,No,548.0,ALQ,36.0,336.0,RFn,1977,1475.0,TA,2665.0,41.0,0.0,26.0,6,5,757.0,1977,1977,127000
1668.0,0.0,3.0,Av,370.0,BLQ,315.0,502.0,Fin,2003,1668.0,Gd,10635.0,48.0,171.0,262.0,5,8,1657.0,2003,2003,232000
840.0,534.0,2.0,No,315.0,ALQ,420.0,338.0,Fin,1967,1374.0,TA,5400.0,90.0,0.0,0.0,6,4,840.0,1920,1950,105000
1661.0,0.0,3.0,Av,831.0,BLQ,161.0,377.0,RFn,1955,1661.0,Gd,9600.0,80.0,0.0,28.0,6,6,992.0,1955,1996,165500
1026.0,932.0,3.0,No,0.0,Unf,1026.0,936.0,Fin,2005,1958.0,Gd,10625.0,85.0,0.0,210.0,5,7,1026.0,2005,2005,250000
483.0,504.0,2.0,No,309.0,BLQ,174.0,264.0,Unf,1973,987.0,TA,1953.0,21.0,408.0,0.0,5,6,483.0,1973,1973,83000
864.0,0.0,2.0,No,203.0,Rec,661.0,200.0,Unf,1938,864.0,TA,8212.0,45.0,0.0,0.0,3,3,864.0,1914,1950,58500
998.0,764.0,4.0,No,0.0,Unf,596.0,576.0,Unf,1989,1762.0,Gd,7200.0,60.0,0.0,0.0,7,7,596.0,1920,1950,157000
698.0,560.0,2.0,Mn,204.0,Rec,356.0,280.0,Unf,1939,1258.0,TA,9060.0,60.0,0.0,0.0,5,6,560.0,1939,1950,105000
796.0,358.0,3.0,No,735.0,BLQ,61.0,240.0,Unf,1922,1154.0,Gd,5436.0,40.0,0.0,96.0,8,4,796.0,1922,2007,125500
1664.0,862.0,5.0,No,168.0,Rec,0.0,216.0,Unf,1916,2526.0,Gd,8520.0,60.0,0.0,15.0,7,6,714.0,1916,1950,136000
1746.0,0.0,3.0,Gd,1320.0,GLQ,426.0,758.0,Fin,2006,1746.0,Ex,14892.0,42.0,160.0,39.0,5,9,1746.0,2006,2007,377500
869.0,349.0,3.0,No,375.0,ALQ,360.0,440.0,Unf,2003,1218.0,TA,6000.0,60.0,0.0,0.0,6,6,735.0,1941,1950,131000
1525.0,0.0,3.0,Av,1400.0,GLQ,125.0,541.0,RFn,2000,1525.0,Gd,9100.0,70.0,244.0,36.0,5,7,1525.0,2000,2000,235000
1584.0,0.0,4.0,No,0.0,Unf,1584.0,792.0,Unf,1967,1584.0,TA,8944.0,65.0,0.0,152.0,5,5,1584.0,1967,1967,124000
900.0,0.0,3.0,Av,769.0,ALQ,95.0,288.0,RFn,1967,900.0,TA,7838.0,68.0,0.0,144.0,5,5,864.0,1967,1967,123000
1221.0,691.0,3.0,No,0.0,Unf,482.0,672.0,Unf,2003,1912.0,TA,10800.0,60.0,0.0,25.0,7,6,482.0,1905,2000,163000
1133.0,1349.0,4.0,Gd,0.0,Unf,1094.0,642.0,Fin,2005,2482.0,Gd,12665.0,88.0,245.0,39.0,5,8,1094.0,2005,2006,281213
939.0,574.0,4.0,Mn,0.0,Unf,939.0,180.0,Unf,1933,1513.0,TA,6120.0,51.0,0.0,0.0,8,5,939.0,1920,2004,137500
1136.0,768.0,3.0,No,180.0,Rec,676.0,240.0,Unf,1950,1904.0,TA,7200.0,60.0,0.0,0.0,4,5,1208.0,1950,1982,138000
1160.0,448.0,3.0,No,264.0,BLQ,712.0,216.0,Unf,1925,1608.0,Gd,6171.0,51.0,0.0,16.0,6,6,976.0,1925,1990,137450
950.0,208.0,3.0,No,0.0,Unf,862.0,208.0,RFn,1929,1158.0,TA,6000.0,50.0,0.0,0.0,7,6,862.0,1929,1950,120000
1464.0,0.0,3.0,Gd,929.0,GLQ,556.0,754.0,Unf,2007,1464.0,Gd,15256.0,49.0,84.0,160.0,5,8,1485.0,2007,2007,282922
1646.0,0.0,2.0,Gd,1373.0,GLQ,221.0,482.0,Fin,2004,1646.0,Gd,3842.0,44.0,174.0,53.0,5,8,1594.0,2004,2005,275000
768.0,0.0,2.0,Av,656.0,GLQ,112.0,396.0,Unf,1988,768.0,TA,8445.0,70.0,0.0,0.0,7,5,768.0,1972,2007,133000
1236.0,857.0,3.0,No,0.0,Unf,791.0,542.0,Fin,1986,2093.0,TA,20544.0,46.0,123.0,63.0,6,7,791.0,1986,1991,215000
944.0,896.0,3.0,No,666.0,GLQ,278.0,622.0,RFn,2001,1840.0,Gd,12420.0,79.0,0.0,45.0,5,7,944.0,2001,2001,230000
1040.0,0.0,2.0,None,0.0,None,0.0,420.0,Unf,1956,1040.0,TA,7200.0,60.0,0.0,0.0,5,4,0.0,1949,1950,90000
1844.0,0.0,2.0,No,976.0,GLQ,868.0,620.0,Fin,2005,1844.0,Gd,10994.0,88.0,366.0,44.0,5,8,1844.0,2005,2006,257000
1053.0,795.0,4.0,No,0.0,Unf,833.0,370.0,Unf,1922,1848.0,Gd,13053.0,64.0,0.0,0.0,7,6,833.0,1923,2000,207000
1246.0,1044.0,4.0,No,0.0,Unf,777.0,560.0,Unf,1971,2290.0,TA,11340.0,60.0,0.0,0.0,6,4,777.0,1885,1950,122500
1144.0,0.0,3.0,No,25.0,BLQ,247.0,336.0,Unf,1962,1144.0,TA,9204.0,71.0,0.0,88.0,5,5,1144.0,1963,1963,124000
708.0,708.0,3.0,No,404.0,ALQ,304.0,776.0,RFn,1968,1416.0,TA,11700.0,90.0,420.0,169.0,6,6,708.0,1968,1968,179900
1069.0,0.0,2.0,No,360.0,ALQ,709.0,440.0,RFn,1977,1069.0,TA,4043.0,53.0,0.0,55.0,5,6,1069.0,1977,1977,127500
848.0,0.0,1.0,Av,686.0,GLQ,162.0,420.0,Fin,2003,848.0,Gd,4435.0,37.0,170.0,0.0,5,6,848.0,2003,2003,136500
1252.0,0.0,3.0,No,0.0,Unf,1252.0,528.0,Unf,1960,1252.0,Gd,10721.0,80.0,243.0,39.0,6,6,1252.0,1959,1959,142000
1223.0,904.0,3.0,No,1000.0,GLQ,223.0,525.0,RFn,1994,2127.0,Gd,10944.0,81.0,448.0,132.0,5,7,1223.0,1994,1994,271000
734.0,1104.0,4.0,Av,0.0,Unf,732.0,372.0,Fin,2005,1838.0,TA,21930.0,60.0,0.0,40.0,5,5,732.0,2005,2005,192140
968.0,0.0,4.0,No,0.0,Unf,656.0,216.0,Unf,1928,968.0,TA,10800.0,60.0,0.0,0.0,6,4,656.0,1927,2007,64500
962.0,830.0,3.0,No,0.0,Unf,936.0,451.0,Fin,2000,1792.0,TA,10261.0,93.0,318.0,0.0,5,6,936.0,2000,2000,186500
1126.0,0.0,3.0,No,936.0,ALQ,190.0,484.0,RFn,1977,1126.0,TA,17400.0,80.0,0.0,41.0,5,5,1126.0,1977,1977,160000
864.0,0.0,3.0,No,616.0,ALQ,248.0,528.0,Unf,1974,864.0,TA,9000.0,60.0,0.0,0.0,6,4,864.0,1971,1971,120500
1932.0,0.0,2.0,Av,1336.0,GLQ,596.0,774.0,Fin,2008,1932.0,Ex,12444.0,96.0,426.0,66.0,5,8,1932.0,2008,2008,394617
1040.0,685.0,3.0,No,315.0,GLQ,114.0,550.0,RFn,1979,1725.0,TA,11584.0,80.0,96.0,88.0,6,7,539.0,1979,1979,197000
1423.0,748.0,3.0,No,0.0,Unf,588.0,672.0,Fin,1993,2555.0,TA,11526.0,79.0,0.0,0.0,7,6,588.0,1922,1994,191000
1422.0,0.0,3.0,Av,0.0,Unf,1422.0,626.0,RFn,2004,1422.0,Gd,8500.0,63.0,106.0,60.0,5,7,1422.0,2004,2004,179600
913.0,0.0,3.0,Gd,187.0,LwQ,0.0,240.0,Unf,1990,913.0,TA,8400.0,70.0,0.0,0.0,5,6,814.0,1966,1966,129000
1220.0,870.0,3.0,No,1079.0,GLQ,141.0,556.0,RFn,1995,2090.0,Gd,10000.0,80.0,438.0,65.0,5,8,1220.0,1995,1996,240000
796.0,550.0,2.0,No,0.0,Unf,560.0,384.0,Unf,1950,1346.0,TA,11767.0,70.0,0.0,24.0,7,4,560.0,1910,2000,112000
1072.0,0.0,2.0,Gd,547.0,GLQ,0.0,525.0,Fin,2005,1072.0,TA,3675.0,35.0,80.0,28.0,5,5,547.0,2005,2005,145000
1221.0,0.0,2.0,No,410.0,GLQ,811.0,400.0,RFn,2004,1221.0,Gd,7500.0,62.0,0.0,113.0,5,7,1221.0,2004,2005,185000
953.0,694.0,3.0,No,0.0,Unf,953.0,460.0,RFn,1999,1647.0,TA,7917.0,62.0,0.0,40.0,5,6,953.0,1999,2000,175000
1188.0,1152.0,4.0,No,275.0,GLQ,877.0,252.0,RFn,1941,2340.0,Gd,9042.0,66.0,0.0,60.0,9,7,1152.0,1941,2006,266500
1256.0,0.0,3.0,No,830.0,BLQ,136.0,276.0,Fin,1965,1256.0,TA,9937.0,75.0,0.0,68.0,6,5,1256.0,1965,1965,147500
